0,1,2,3,4,5,6,7,8,9,10,11,12,13,14,15,16,17,18,19,20,21,22,23,24,25,26,27,28,29
-0.1232461787100825,-2.152526699218306,-1.0486763787667903,0.1657351450570826,,-1.1032212931788112,-0.7892989558828933,0.3659480222308473,-0.5420244659475981,,,-0.6153607647270827,-1.186959527902023,0.4128344000971947,,0.6151423830596996,-2.3047885122414637,-0.5336162449386368,0.0312337015712972,,-0.111400295359697,0.0826034567162603,,-1.110888693750162,,,0.0092378280261213,,,-0.2294263240187191
,-1.4288143250560044,2.0248975826361675,-0.0949374263207666,,,1.293153478392876,-0.076090218363293,0.8357499078407894,0.1715406267215152,1.5843128515930305,1.456769994458091,-0.2217908051489548,-0.254674101008926,,1.891721686869252,-2.080944884167414,,,0.8922095398507628,1.394799460376578,0.2961504096951022,1.7436959815171955,0.9058504304012154,-0.0435301373858815,-0.1593015408895519,1.8131987402748204,,0.941620538377124,
1.3218048067428618,-0.3087617031382295,0.6058452719757433,1.594422697405424,1.0381775808089642,0.8675432986117869,,,-0.4890547816488786,1.597255849758398,0.2008841162860639,1.25964827598303,-0.4095970901645054,,0.6394276746968817,0.3852676384152078,0.3547920746598927,1.2333288815367194,,1.7131595149676204,-0.435449372169948,,0.0975756768079653,-0.6351085977313695,,1.2171238695676012,0.4920215244385725,,-0.6699296406438892,0.7702916313007268
1.012557207646316,0.5347007237392565,0.6916669231763194,0.7192839745083381,0.2298408814485402,,,0.4285321510531676,,,0.6603854009786755,,0.7128435830039574,1.0647753135079228,,0.6450250884674777,1.3712314255954854,0.1817131358045396,0.2563911225114024,1.08238388928438,0.8975443241832679,0.7362676557225829,0.6045663572341793,0.9998298739152848,1.4203840868195805,0.6609940662497028,,0.9384086765164276,,0.7806714719128204
-0.589642572331199,-0.17042039012841,-0.648252242098931,-0.0650480081151823,-0.0301459800479937,,-0.0200629998267301,,-0.1788727526976514,,0.0571351428991848,-0.3387840545585109,0.8658637129783457,-0.4632287706099006,-0.2930294447386586,0.3848902545461659,0.0777717122719886,-0.3040384392973045,,0.0031117999095819,,0.1586785681332285,,0.6681335561806769,0.2239249462782057,-0.91743979454296,-0.5205398566738839,0.4155122763991324,,0.7170943840624162
-0.4788924645506438,1.300571592336183,0.3345647689789628,1.0719631076172444,-0.4240112403708071,,-0.0329804365678143,0.3818794391047766,,0.8028604173894467,0.5708912196263852,-0.1680966851207406,0.0193875822649926,,-0.3745444459767574,-1.39127370526962,1.004715635823291,,,,0.4829907435378087,0.1468492221843807,,,0.8187952300642558,-0.4802830208200564,-0.7781081617076686,0.580190575903754,0.2326499307620239,1.3867218356519349
-0.9362709797383372,,1.3751606824082327,-1.324746717406494,,-0.5247232089723853,1.2337404568538068,-0.9226716695749404,1.0056570437265062,-0.9909040975821634,-0.1900642934092433,-0.9801445664418093,-0.5752769373953724,,-0.860487111487199,-0.1145618355603143,-0.5655435373716942,-0.1960300186908629,,-0.363320362906264,0.5783586865883862,-0.6389809869149404,0.284005783787614,,,-0.6453768233360216,0.3405436119557937,-1.2060483269163889,0.2082914586850899,-0.6668441467131062
-0.7260935710709494,0.9320751158627468,,-0.8199886883593162,,,0.3468368748666791,-1.2152344419009682,,-1.2964971487305768,-1.0135536402238858,-0.5576851358434489,0.343458336753192,-1.1682407333928266,,-0.5751627289856744,,-1.7798231233963309,,-0.9126410249583824,-0.6788495467042861,-0.0681510612199148,,0.8210922728179861,-0.6257371255923352,-0.4227421621443816,-0.702114156323151,0.0053325604142942,-0.1308742388850987,0.3928269860563291
,0.8327067447228356,-0.0893228443242799,-1.146678268073706,0.7019666817817617,1.0283014923911549,-0.1007754845626777,0.3770181927434228,-0.7808955539759843,-0.6195107764204826,-0.2792442663392716,-0.8296918378765742,1.7374942224404148,-0.1368959711872974,1.606782661906626,0.2732926594377498,0.2067786629716252,-0.8264421703096411,-0.4606805486815618,-0.0828444351214411,,,-0.1561609701722653,0.4697436946845647,0.1918741240492749,,0.6362749477994546,1.1418813126297729,-0.1681857815081648,1.200233624177813
-0.2124723942532164,-0.3699329633793697,,,-0.4951100592455668,-0.7899853833513142,,-1.2465103437045486,,0.3417319939608283,-0.8186775822036827,-0.467084047271452,-0.3322211065026494,,-0.124955116225125,,,,-1.5426229127424582,,,0.3199768954985854,-0.9787531572104056,0.0475278161774144,-0.3389005245486139,-0.6279558035654733,-1.2675251599357262,-0.3687788375022211,-0.560406809451522,0.4190170574293365
,-0.8310856484352999,0.6317978308342679,,-0.1411182870548349,0.2758180865991678,0.9688798164598518,,1.395425887144656,-0.2178525384531079,0.778402364719913,0.7241188988894042,-0.6769727300129516,-0.0470777734179513,-0.7017429849032669,,-0.3584138940793226,,,0.9286689954469236,1.3687631791227883,-0.7980220144479104,0.7487151858554185,0.1979034699424981,0.1555705072016005,-0.1717449799911128,,,0.5021260567608339,-0.642018909750583
1.1745746594790851,-0.267205708627183,-0.0058851485502681,,-0.1737554884455134,-0.3133032302630216,-1.0426042467579313,,,,-0.0314652242966015,1.1610117742058292,0.7009734585462197,-0.5312995201398005,0.6791658176798445,1.2263553860136245,0.2902282286288135,1.4085366929051089,1.2299566038286944,0.165537809756388,-0.2646637567691724,-0.4417628920829431,,-0.521461897677278,-0.8893066276791546,0.146451950930092,0.6769472842958941,-0.190435062077268,-1.3700387591254914,-0.5799419101145913
,-0.790150655921563,-1.1817680352130926,0.1963498420345248,-0.4623390185845437,-1.352198408530439,,0.1096958895400811,,-0.690151204034428,,-0.1908880724281943,,-0.5230005549842673,-0.7135118820882644,-1.1568177565313056,-0.464818055202784,-0.4397544687363831,-0.5280037649664523,0.380534267270852,-0.9135971315626406,-0.0531032231447324,-1.0006785907834197,,-0.6323842229932044,-0.2505588650409214,,-0.7983595279353864,-0.0648748464201392,0.0516338745392966
-1.0652526884760665,-0.6262518565632441,-0.3266806713465968,-0.4357178149056382,,-1.13510239380035,0.2548582129851826,-1.042171285689074,-0.2712686438947799,-0.1499159673775108,,,0.0099515347724512,,-0.4132495069984608,0.1142614896140849,-0.7621629844472678,,-0.392285334946563,,-0.2575482875596384,-1.389650460957629,-1.3660619984638935,-0.3735141595400865,-1.3730610035540105,,-1.023655284428749,,0.0370280578777001,-1.2579228784843914
0.0557585684280604,-0.9252485729143384,-0.0315476620101964,0.6844614774466006,,-1.280102603476824,-0.4500029324769299,1.3174766185926707,0.4267751211197236,-0.1350285225199662,,-0.4659912136745197,-0.6839091742075337,,,-0.6451614365246426,,-0.3700639627379948,-0.8224366058782127,0.7494143309873921,-0.0946118687939282,-0.4149807129642401,,-0.3402014678042335,0.7687080448976121,-0.5903570263074296,-0.2942309225783585,-0.8609088043393043,,0.0537972100710589
,1.560558864323961,0.0706219674607494,1.3702095425933971,1.7764475510158486,1.6142847876436477,,1.3678437621274422,1.4634754129993897,1.983210977831524,1.1972187433280952,,,1.1111383395616663,0.9127591756760172,0.741918786039283,1.44237658164643,0.5961754620633877,1.001378264034442,2.008696977147708,0.4999700009744717,0.1885851070103181,0.8320034225413212,,0.4210190422007904,,-0.9485667560724976,0.9217034878125696,,0.3937243352273449
0.2412405455060227,,-0.0074909684047469,-0.5172464984326431,-1.249016755570676,-1.582514007265301,,,0.1756187741797279,-0.1558676487600547,0.4935097187162703,,-1.256223699839799,0.1067522427553098,-1.1886853683296172,,,1.0070306952392196,1.3367768776586906,,0.5059601993480076,-0.926595599604569,,0.7907375070784294,-0.3759505190803833,-1.9117669878296832,,-0.6643951327221909,,-0.9586050263775828
1.3489243160841315,0.0141998582886337,-0.7824779999210241,0.2409120255274512,,,-1.5478724980714125,0.4740199326263296,,-0.1333109219782715,-1.6804730906359406,0.6434346630490098,0.5782323561188114,-0.6952374894195764,0.8329489109461753,-1.0176483556755982,0.4236150124790122,0.1360786136450468,-0.2869193327491817,0.8283649212997845,-0.9764971551018068,0.107417210147707,-2.1286829429172367,-1.7389945471184085,-1.0034432933207158,0.4366070576356193,,0.074477789081999,,-0.5657857546233499
,-0.6824753649372327,-0.240019050653654,-1.265095363464885,-1.732906406423827,-1.793521213300678,0.4205581086517799,-0.8324511746386272,-1.1534223495927531,-1.3076951963100685,,-0.9184717628704178,,-0.0152139248250977,,-0.9732212280394216,,,,-0.6136718215295396,-0.847675610415154,-1.350215710090921,-0.4699251191688833,0.1243005246119512,-0.75585637319788,,,-0.7387669482330814,,-1.106035934037294
,0.4099962513630444,1.0341157561727397,1.1188320582481706,0.8836563621695577,0.3685375553674994,,1.2590479749321442,,2.1730137301417565,1.6650606441381577,1.7273483363411972,,1.139645049789537,0.8645638797663316,2.1036659539870146,1.0078034698770495,,2.442367367954069,1.6953921788046762,2.2593825287385183,,2.281234584152342,1.3561787031712715,,,,0.5208835787202337,1.7899836295006852,1.5274329344587767
-0.922219627824686,0.7323576246018201,-0.7662500255501751,-0.0188709328387952,-0.1828456301368392,,-0.1515859235382701,-0.6840621871472615,-0.4643160128735684,-0.4506650456930658,,,0.0348513946275098,,0.6439216454739171,-1.7336557560039738,-0.0599602811486933,-1.0975287055326597,-1.940163207003378,-0.2824620223929514,-1.0286421604336695,-0.9009781584545508,-2.1180716934819235,0.4453168213467668,0.0424612023824959,0.1926119590994671,-0.997574000604332,0.0371928398627782,,-0.3750805099510996
1.6384441354431185,0.970126986389568,0.0024129577324521,1.413497981181928,1.4938471013974384,1.6570058949644728,-2.35924143232762,1.2794764351265775,-1.9462452049151475,,,,1.2770523522508626,0.6592072321233511,1.558441356806862,0.3342044931123191,0.3874215130929817,1.116815268494414,1.0277629825974728,,-1.6073896090184845,1.7100792970318277,0.6609356853490127,-2.094332841254092,,1.6420332857783155,,1.5800757011285416,-2.4423672773007614,1.1149638522935368
0.2870242376324702,,0.4848898733551173,0.1182128326467771,1.161686759270158,,-0.1323046885509335,,0.2892205407387186,,1.017120839533061,0.8684670648286978,,0.5916353904701225,,0.574893001526987,0.3507603181092021,1.1470926503277743,0.2260639029290552,0.9725939906030256,0.3689126626779548,,,0.118273207122062,,0.5488546013653454,0.6261423197043153,0.2604344304833581,,0.5954539614893329
1.284161464302099,-0.2911895228560785,,0.1430390557146788,-0.6440153718227679,-1.1053463619682729,,0.1149604805346447,0.3596695614284304,-0.1180997399969264,0.0009986914285645,,-0.2406034708403929,-0.3670576451064261,-0.716105360445145,1.4324864854919483,,1.125202850677655,,0.92240047029325,,,0.0316729278260766,0.7790433571361524,,-0.7854544405617889,0.7382750270894154,-0.3813456579542169,,-1.9149448241055729
0.9738450174225222,1.6809285884285734,-0.7331050683899337,1.4517716503883416,,0.6203489092737076,,2.0373849429954367,-0.8900273125412367,1.7110605891638295,-1.3523162492216572,-0.5864788785715491,,,0.758549819057404,0.1285611120805552,1.042076637256646,0.0383612619538858,-0.3352090511565149,,-0.5888851631632287,,-0.3124944611367833,-1.575845502809727,,,-0.7351328949102837,,-1.0895675678797103,
,0.0171443638647227,-0.67403044500735,-0.4218991732243095,-1.7248588833368763,-1.754351621494792,-0.6597811088598691,-0.692076992243349,-0.3505082998933248,-0.0678169404770359,0.3173770960744187,-0.2973195578121483,,0.4217347038814834,-0.2230022548014552,-1.1566928823994869,,-0.5691864242615979,-1.2312250066130692,,-0.0710118941143473,-1.1013451148145867,,-0.6698269485646946,-0.6515696428186584,-1.0038428059783842,-0.4239850238900803,-0.1308459419985963,,
0.6889642631608976,0.5060943205760863,,,-0.7006476142049471,0.0885337525126225,,0.6622623419338451,,0.4685813521087413,-0.9805013279841144,1.4464308975781377,0.919108060173102,,0.300334893846888,,0.872212553076556,,0.8874059481791269,0.4121139476744822,,0.426152306898157,,-1.3066651415899129,,0.1001617677536136,-0.3613402542540597,,-1.174637936454608,0.7491655530715629
,-1.94205031061946,0.2208694102497683,,,-0.6754582033036739,0.7205779725479973,-0.0545624636751895,0.7437218993449655,,0.8533221798684709,0.7211852339216477,,,-0.8923106498856215,0.7340279775465611,,0.2899539710089491,-0.0764241867116911,,1.2194870108538831,,,0.5043396692190542,-0.3999880991997915,,0.6347914729438224,-1.3727071725066653,0.5719303579025452,-0.1924086611354109
,0.7399845824989107,-1.0434330666344258,0.4375220618839334,1.3931848304184475,,0.1795192352822247,0.5492202465987884,,0.2297646664817703,-0.7642836408941246,,-0.3480583925445034,0.6486774921722166,0.1896501626869881,-0.0569063737937219,,,,,-1.045360435409713,1.160067688825442,-1.295542561295826,-0.1712772012074888,1.33951630965497,0.2910821217075735,-0.6989250314465919,0.2308037551973851,-0.8732366849997841,1.3212455054028087
0.2421868847317486,-0.2669199573316049,0.8615570418598927,-0.4945590577379963,,,-0.5595854449680502,,-0.1916680535738388,,-0.211630802750501,1.2695072117915145,-1.0237366124527236,0.036098483427184,-0.938946812727072,1.757791310217847,-1.588443880488997,1.9066718292669376,2.206965514454565,,0.0794590767115155,0.1201918204277422,0.3730542159866741,-1.4223342985630567,-0.2253276502512104,-0.3253923865708155,1.6284747898013971,-0.8843604800341796,,-0.4329071295719318
,1.0994192174865036,,,0.6637056808517495,0.4138454241311286,-0.5683731210716817,,,0.97022767065048,0.1203604803016512,,0.0486144117812158,-0.257152981747876,-0.0605141380573308,1.0352808985149686,,,0.6659982777280226,1.9841719935190043,0.0402596243012101,0.6512189352720844,-0.6542446148614813,-1.2599832539484963,0.178661857189119,,0.8107906486900982,0.7202548042161849,-0.938488868542252,0.2766386831468371
-1.3677745463044375,-1.025043135830935,-1.236963653046922,,-1.2187230547021664,-0.5070558517107572,,,-0.42366647011935,,-0.4093192018658745,,,,-0.925563352338982,-2.099537263104273,-1.6911087730271124,-1.5410847504419194,-1.1099354448734415,,-0.2977311207042846,-1.0135691175793742,-1.2320339561689029,-0.331482890311988,-0.9997229957497712,,,-1.5093277939021956,-0.468207404982539,
,-1.4138725307789373,-1.911071008966588,0.435716988710869,-0.8809646848391891,-0.8908709169351068,-0.856042574749905,0.2989273758436724,,-0.8877763006791174,-1.423016712809818,-1.6015034158757149,-0.6383841788432338,-1.4592775407020802,-0.1696368213776429,-1.581898201097175,,-1.559210139507596,,,,-1.885673813477897,-1.8116797258661,,-0.7924024360514578,-0.4466177050003131,-1.762015961343473,-0.1931835258571939,-0.7760054858133921,-1.3413208134988932
,,2.2905142956609104,0.0678266740650836,,-1.249366480635912,0.4579900018191931,0.3774262131163891,1.9058333149636637,-0.4401972975525108,1.7988860424612614,,-0.2613114589011755,,-0.8964570284358575,0.7472548881039413,-0.125297512512558,1.7217742981355115,1.1072530502724325,1.4261289498698828,1.4004496963886752,-0.5724662752148197,1.4671780854607004,,0.4576379782675643,,0.8481182217461418,0.4888803111408703,1.1089232406751737,-0.0403623415195038
,1.8808265891677085,0.9443784806262968,1.9889064356787909,0.6006581861580328,0.8012773926651087,2.923049768213452,1.978096638515704,2.41717899824974,,2.314985002929318,0.1834063954459973,1.4625095479616477,,,-0.0076879507703889,2.906880448303061,-0.4673709702156713,0.0548809916789223,1.1689018455757054,,0.3231530235993721,1.7581835220983673,2.9451022605725123,0.6068881153198384,0.8917865281367577,,2.4297936868733245,2.630224470368326,
0.0081783164198815,0.4656466755333474,,-0.469830772658814,-1.296095987331732,-1.7273682989135064,0.7304384135947237,0.291840236349404,,-1.2741135157243637,0.9636999332440324,,-1.2904288173473588,-1.3306379410439195,-2.197842634013948,0.0595862339706031,,,-0.3055184729609687,0.4107525772767458,,-2.119510671186516,,0.7945427814843175,-1.982710705566822,-1.706420044505036,1.0606672083582676,-0.6001118820790683,1.0485562308886376,-2.209732615408837
0.4827468210648097,0.1609297959051563,-0.0732723299504216,,-0.4679488374576842,0.2002847956655418,0.7922026708859976,,0.7554084486042412,-0.8636634837248811,0.706071691190169,,-0.0473154065667443,-0.3387208268875014,-0.1928867463410149,-0.8307612517898748,,-0.6495908248411164,-1.217270165707727,0.2081030542680952,0.955661456742443,,0.1879657323376223,,-0.0885199450214147,0.3086209850094756,,-0.2354735753519933,,0.1869754934988174
-1.46866601616961,,0.5284236323483873,,-0.394161365617198,-0.0679503842189464,-0.1820336628018448,-1.162937568062404,,,0.8674460516851311,-0.286842209897731,-1.4053881007754856,-0.8008254896050863,-1.438117571066463,-0.4503108037030013,0.7899022105313458,-0.5645613584241584,-0.4060539113243658,-1.3271364562464103,1.177412679260308,,-0.0877066134186168,0.1578283043574775,-1.09845591403156,-0.5169658367515351,-0.1214436534472871,-1.1564295078090794,,-1.2612312913408594
-0.4066466922786039,1.6793901489079168,-1.1202257684057315,-0.11548735437088,,0.0314525991750743,-1.7022088074294528,-1.030028016473267,-1.561186561171196,0.1596262460043721,-1.070839265709835,-0.9053187341272584,0.8274555310734266,-0.4106076086210968,0.3601284780766862,-1.222478540151925,1.8726602748332348,-1.4854314151413617,-1.6065458855428008,-1.204745781899039,-2.574854594766874,,,-1.1587588886031557,-0.2403884124242651,0.1910283998644405,-0.7021038198561348,1.3972587032510708,-1.714007286354491,-0.028347920260498
,-0.4097135254269515,-0.2482785423887221,1.0673672740031654,0.7534154380771114,-0.2603706327929875,,1.0761839108070643,0.5035045973172325,1.2063719001080404,-0.6603806148511264,-0.5272452073420498,-0.7740818785864176,,-0.8041893688051358,0.3671596537298262,,,,0.7818935580376982,-0.5321659466181071,,-0.1188203429855169,0.0781407653331564,1.2782974207401925,,0.1910798956640013,-0.7473835090542491,,0.8222842749828393
-0.3434469957648227,2.278593710617044,1.005033198711005,-0.7906743188129648,-0.164058228025705,0.5554386288178663,,,-0.967535852901598,-1.0925058700874766,,-0.4037452398869546,0.7767966065674695,-0.0782126630889976,0.9382670466022164,,1.8253729302271229,-0.2775481362845509,,-0.8189412368676022,-0.6094130270232763,,0.3576752968611217,-1.0455826104115575,-0.4604933331425437,0.7369470227534037,1.146385402892574,,-0.5399652879330187,-0.1202838965071003
,-0.4428738734854262,0.2105142330553753,0.604475667407863,-0.7103965874669672,-1.1209787870869148,,0.5342827691892649,-0.292821815978553,0.6708120494171578,-0.2261786742977214,,,0.2842076255277745,-0.0182318445082369,0.982728664916198,-0.2620118090051605,0.6534247972877548,0.6978920112269748,0.6616621517281206,-0.3051677331289074,-1.544027765987272,,,,-1.0364941013745013,0.5708360227697867,0.0642960071088017,-0.0987712044638307,
-1.5744637744729235,1.330598807961111,-0.8402726009187178,-0.445317834654511,,,-0.4887187861992987,-0.8793768106138911,-0.6578997864453873,-0.403699852556362,-0.531402719904181,-1.4459867853227564,0.6711229855392902,-0.9723162749342452,0.6184918779962565,-1.1207350457297494,0.6659203168258738,-1.51582794971628,-1.337552927278508,-1.5452233033750216,-0.99040295461837,-0.7645531183852076,,-0.5458269231155595,-1.377846295711911,-0.3900478858785752,,1.0957601413341238,-0.8095524100021105,-0.8815711122146009
1.991971556054396,-0.5752608890959243,,1.1565629881986337,-1.5293850550151524,,1.6301684813822983,1.4042842210626802,0.8388416882950092,,,1.509797666607689,,0.1890612426871536,,1.197365415129507,-0.2305529453745469,0.6688319839353891,,,0.3151660504070531,,-0.0426568817412619,2.4097218832756524,,-0.9513347946891252,0.992619751236047,-1.4245323513995682,1.6359082249729375,-0.7164167155489166
1.7954875344050285,1.485081913912563,,1.2645857539195595,,2.508740970592475,1.2372916963718408,,0.6761720976792025,2.0391070273794965,2.1996999629933423,1.541644541910376,,2.7801513367601096,,,0.7862775921109854,0.5603611486863456,0.3523250901988228,0.6850621421819455,,1.688919911027835,2.023194492045387,1.3232072639715566,,2.658467874463593,1.1557303944034625,2.858801589808221,0.4691232067775792,
0.4789430950213195,0.8830340466550222,-0.4035084326456629,,0.6541187683968479,0.6874825935845817,-2.43365622441316,-0.1321613836879432,-1.6019479478170202,-0.617027854895343,-0.5636073071280204,0.6034137320799587,1.046517867438379,-0.5481140642192727,0.5658062904004676,0.554135703764532,0.6545390031506353,,0.3600305715480947,0.8303404941445618,-1.4710690869275436,0.192352612226166,,,-0.8692190806707978,1.6421580873697468,0.5134217786528451,0.8306939833645791,-2.197901417100941,
1.3616672593800374,-2.2184247585501,,0.5316580123428347,-0.3934124593435294,,1.0727210766190762,-0.0263623654156029,,0.2551247286679537,0.4268169084415424,1.6773873392991967,-1.5254402379739909,0.1295340532830193,-1.4546513957610372,1.0334130668684485,-1.0408284976793998,,0.8199720708916025,0.1624823461271954,0.4465049506763142,,,0.0357542324284307,,,-0.0143349267043095,-1.8205777407044852,,
0.4863504886170373,0.3699481645368133,,2.0718729884519598,3.0566142939316983,3.058900887716449,0.7318611948488013,0.7419307540837485,1.6604529984524017,1.5923894164437635,0.6681835431668092,,1.6625474710391044,,2.1475921361201102,0.2875286414119088,1.0144089821025282,0.7457907584987984,,1.0392370069227204,0.9051779150614184,,0.1913161154246417,,,2.267669192748058,,1.4047305344257068,1.119034839797319,3.679079026951199
,,0.1959025463209106,0.4876445945025809,,1.0513098560049852,-0.7964156889717509,0.6907279444239995,-0.0478584078633229,1.0967083537475375,,0.2428924041820634,0.2034017659724611,0.8276848946107586,0.2684214634737943,0.8436219282869499,0.3061501744370888,0.2409530542969899,0.510248573120424,-0.0196533676338111,0.2328031980358508,,-0.3792858127514696,,1.1056838492373802,1.0350119787814152,,0.0126707436434574,,1.1442237745307056
-2.3108212209864707,-0.1076076153941419,-0.4069866269020332,-0.9611842498605108,-0.2804349278392743,-0.433091768473978,-0.362527614254972,-0.7398623509392372,-0.8234293247228026,-0.3000676323766651,,-2.320109303490592,-0.1252360310811756,-1.0895775703032948,-0.2816018090160529,-1.6897801187542274,0.3644353538430607,-1.8874722576357617,-1.9209099796906768,,,-0.3034252082576646,-0.1775538249697657,-0.7065589275553485,-0.7775784044433598,-0.1473395481299238,-1.365907919011212,0.1489414250941443,-0.2035513581523981,0.3262871642298616
-1.420062679484967,,-0.2631499967822736,-0.2388762345420547,-1.6800909768316667,-1.4620361994761966,-1.0156946250809633,-0.5670927855561656,-0.8412269005772243,,0.1887519187422467,-1.808915998614306,-1.3616938000176912,-1.0195027863329675,-1.7430874950002104,-1.3132638529257323,-0.5893346760984596,-1.3331361628611806,,,-0.1767135063574609,-1.7578202664412488,,-0.6708529956384541,,-1.79508577779248,-1.1388791902916964,,,-1.608977049390893
,,,-0.1910702893488139,-2.0000614763621454,-1.603414661809016,-1.5583356912541189,-0.8183191049712628,-0.9323884868204864,0.8774718484042779,,-0.7314895074251176,,-0.1009620138180993,-1.6726811926086214,-1.759615340615702,-2.008429012242401,,-2.3310443218521795,,,-1.861555681568311,-1.3252030122953455,-1.3760323494057851,-1.257847730512369,-1.821935464274541,-1.1198132908453706,-2.3629671044491323,-1.2046499462424696,-1.5106719251082588
-0.3048364321487452,0.7447976428900119,0.2902053829220336,-0.1081768867168193,1.91247500883934,2.0840609751654107,,0.2087711044656256,-0.4392942034714897,-0.0804444873266607,0.6669182837357261,,0.4980277494843332,-0.00512838598038,1.405460349637087,-0.0016112470875877,0.8843020534094072,,-0.3020035352419923,-0.3123005266181913,0.0841680224643836,0.8346985967244347,0.2719958432541062,,-0.1361765824317501,1.5908141351707688,0.2889648717605664,0.6324448818176854,-0.8931709199647986,-0.6350853967302373
0.0402068225724195,0.4360309060229108,-0.1783671857578842,0.1582881614026712,,,,-0.3083903742520123,-0.453337458541124,0.1930140329567603,0.1167722729922377,0.0258118397728772,,1.2029359429558129,-0.545378646017191,0.4378795166817998,,0.2139496130755827,0.2161336468050564,-0.1933318880984014,-0.4720977993150937,0.2616841388895527,,-0.7090254354159466,0.7718619324095723,-0.6688153357395255,,-0.306462779141555,-0.4050858139139842,0.5238555129664936
0.0511357591031331,0.613187765299459,-0.1512015472532628,0.3452844469153909,,,0.798669720865086,0.3002540127156027,-0.2624308143338101,-0.014152758006472,-0.3795078842558386,1.0453340970991782,1.8157276792264256,0.4677585298289674,,0.876746434761032,0.54446353016966,1.233305780095021,1.4430004799010092,1.1088876023691367,,1.0530823825614977,-0.607507680560223,-0.0187828028256625,1.766503112075321,1.9667401269715736,0.5246287148515675,1.9300127062363757,1.1572225502331803,1.5469138247647192
,-0.2358447380377626,,0.7945408252215733,1.7144999573805484,1.9856635214387932,,0.7467833014216374,,1.010100682174366,2.72082653596304,,,1.1505378981913323,-0.0609915175041201,1.719539594826141,-0.6368441060687666,0.3443584502218139,1.3301414230316082,,3.168372838411243,,1.773063104914036,,1.513482524589448,,,-0.7468364259562381,1.710006445380757,1.966982613884023
-0.3185420131447653,0.5891325267397971,,-0.3322897441799775,,0.3151770918702765,-1.311141865194569,,-0.8760588424636692,,-0.5563463286666548,-0.3792149708420209,-0.9382207147169738,0.6147664153792772,-0.458847364487539,0.2646834457754521,,-0.4689573574590887,-0.3733441739844366,-0.6649464806766103,-0.7626588971736789,,-1.267884584986701,,0.1382389949401767,,-0.4269426613378167,0.1733292709837415,-0.6624654460174453,0.1786296618582316
-0.3911615074165638,-0.7039633827089543,0.8124796221013746,,0.5466643276618535,-0.1564141134922673,-0.6941139135168689,0.2463017536643661,-0.033747238519808,,1.1983182858494963,,-0.9307655264968606,0.3572420813581336,0.1918152826812905,0.325720572721881,,0.2932642143037792,0.2098179493229444,-0.038370554359145,,-0.0002014583587923,,-0.8205932459862795,0.3162150752720868,0.0693280695246857,-0.2626493495434176,-0.6917057233345507,-0.1788865158018311,0.0689431826372324
-1.275968274304002,0.3917744788536323,-0.2464023557695029,-0.1787851855965156,0.1191788321102687,0.0267988552750914,0.5864578785032977,-1.1212453824270288,0.1045880235205285,-0.0496126786754179,,-1.1925306885508664,-0.0591223108266374,-0.027636756711636,-0.3564338652104657,-1.220253485554457,-0.0165645945310877,,-1.5112663169608338,-1.3341260522786105,0.2393993339679432,,,0.0728290587464134,0.4211245312349007,-0.7241661703092442,,,,0.468217684113309
-0.08428833173384,1.818080650731774,,1.037500609599504,1.801956070190832,,0.4870844361247368,1.5891591936854137,-0.0307895441854905,,0.0471008955201935,-0.3313286492228212,1.3915277294951405,0.576336729066684,1.903944030082155,,1.267836807807442,-1.0671215271556314,-0.1855166159340978,-0.0200811862391894,0.4593567307249467,2.2971233749538147,-0.1220953149825237,1.3369446871372568,,,,1.430572553324985,,
,,,1.1350310036959583,0.9595935816755218,-0.121186088280966,0.5585801455027493,-1.1455957535260632,0.7361178679966763,-1.4695864192229722,-0.2885730349172828,-1.9534197348951328,,-0.8861935156942486,0.1513510136824028,0.2980857974008969,0.1856689235748849,0.1580551316800424,0.8784274026821784,-0.8835662336211471,0.4289952398637437,0.9890473007006048,,0.4366884691720316,,-0.2793565626450204,0.0994335059463499,,0.3384356624727774,1.025142071726367
0.5337039887987844,0.1899619777066949,-0.1791573180994732,1.7713795737199969,-0.7272371391043363,1.4684794239859582,2.263113780204768,1.1547479747985565,-0.2341559581744303,,0.6745318041731456,0.3676619522547646,0.6766945594700017,,,1.105207798061826,,0.2039110630885015,,-0.8308681456894761,1.3497723394256422,2.2357549947508724,0.3938379508036796,0.3206506487247298,1.2070911504818609,-0.80722031811603,,0.5503555984031613,,0.4817344639880139
,-1.2000810019917492,,-1.5154122125372151,-1.6067917539451937,-2.258990607658521,-2.337948034373881,-1.3290209863166254,-0.6036813077064249,-2.6729150678214606,-1.8204788625273307,-2.6756347555465085,-2.294780996990156,-0.9286725060502712,-0.3053373312384506,-1.9708456024443293,-0.5297122349276705,,,,-0.7364042042588259,-1.4236535688288705,-1.9242258220188635,-1.0104758313552942,-0.7939777185497182,-1.1448592931449342,-1.882637935151052,-1.3614651079293572,-0.9488493746740764,
0.3632592980046148,-0.3853639272791525,-1.1188463850544466,-0.2219211242455381,-0.5833079308120084,0.0732638532924694,0.7936971116413172,-0.4332028160401742,-2.290664351061995,-1.2816647393781675,-1.379614241174846,-0.9600512660402744,-1.0627676862721924,0.2037835644433828,-0.8914743852649208,,-1.8248393804525629,0.3402042957247478,0.5963185353138954,0.6680992314655994,-0.6456032247517121,0.4036241459874272,,-2.6668454085526845,-0.6701634138574498,-0.8038812651117483,-0.997149538040586,-2.099480818930121,,-0.7286804267976941
0.6274279179144127,0.8058136235392042,-0.7935508896889854,,1.0736400994252473,-0.7699710452405234,-0.7364909785181968,-1.735826040249534,0.5074035319714888,-0.863810740580096,0.8113021168270382,-1.2439393566450108,-1.927529395231437,,0.012259077328019,-0.9474993957081612,0.5794767214363752,-0.6266665040566077,,-0.6699699065985008,0.5298200297213124,-0.1800422951404715,-0.4488934038184962,0.7802843326435623,-0.839349865396166,,,0.978859048235934,0.8285099357031784,0.4177701863237577
-0.3868997793144395,0.466346188043956,-0.9250194963258764,,0.4645228878594319,,1.7381865914109418,-0.4733179764620636,-0.8483585395870987,,1.1396645874634763,-0.4566092064529217,-0.7545987765641462,-2.359021805332889,-0.3836702914820308,,-0.3163519258242982,,1.0796563669322048,-1.8017528848937063,-0.6873463177714705,2.082028302071896,-0.7288380982273879,,,-1.803945170517528,,-0.593790933871269,-0.3390677178581836,-0.0902942807760289
1.055651190109615,0.8022949685843042,1.1041641231203554,0.8923953323157213,-0.2634838757348849,0.606024349851975,,-0.1211605446871746,0.0654409925425619,-0.5103941179216928,-1.1198470460457135,-0.6508686127202586,-0.766892757765002,0.3621200011416994,0.7659441370889954,0.5695331415576997,,0.9883735811755818,-0.1328643780090071,0.4503165373171068,0.8779255244963247,-0.8105687189207617,-0.9155234027508315,0.3157235004329892,-0.6102540171583885,,-0.7872090410215501,0.2012604176883114,1.0577449825404823,0.4991070449396171
0.3366286046908906,0.8446626793665521,,0.1704296761775231,1.2001139060072572,-0.1830254101093943,0.4087241481583821,0.7144607772749849,0.0317847132511899,0.8997828735007061,,0.3139812204897367,0.959553145916409,,1.1444881904680688,-0.6120259589506758,,-0.2086462533507205,,1.6148597120737005,0.420646165831473,0.3028441242494034,0.9450355214400292,0.2432791712424372,0.522415719456979,1.199184677116362,,0.1863476142674079,0.4712912073230373,0.6997426478248105
,0.9529712472724152,0.4862348162324116,,1.633272613736641,-0.6775688891179131,,0.3817553715908414,,,2.0134718918645707,,0.4034624196638071,0.701131766802906,2.0596785310094696,-0.2411295918600283,1.263942271956316,,-0.0296469003173349,0.5221976436289696,2.070602770701964,,0.4224574838824119,,1.6841309754424714,0.5122194850472758,1.807124186057817,0.6872647986375109,0.7551649991711189,0.7545850237408693
-1.8081729541379992,-1.063561579485192,-0.9380506263940848,,-0.2537784561134822,-0.6142582630550014,-0.4549466667971313,,,-0.5226344482045272,-0.1263757248755938,0.3980042329669874,-0.418595170364362,-0.4937367018669755,-0.9231144572729122,,-0.9704869832474328,-1.704987679778498,-1.107207594535415,,-1.3704667159401205,-0.8908901614907729,0.2003544885250908,-0.9366575364117156,0.3443585897618043,-0.6892033707103665,-0.5304766536521908,,-1.753353669140174,-2.275381337272874
,1.1800424085232353,-0.2808516409438393,,,-0.8948166306800399,-1.1860016054057676,,,0.2942574183867275,0.3607129714671603,,0.4286503281073802,-0.8915316886289799,0.0103765167036877,,0.3592001305149352,-0.7679563349783332,-0.7383399886216064,,0.228426718446509,-1.0555433506404155,-0.0444725379517811,-0.0354999880586343,,-0.9073755422720796,,0.538087036699315,0.9023944271429152,
,-0.64207286619047,,,-0.5953966403335184,2.274912140777206,,-1.3507309141700752,,,-0.6470120953538497,-0.1250645509245052,-1.0976157510141915,,0.7074081331085755,1.8135097418090125,0.21531308590889,1.603441951744794,2.143118912123996,,1.3262008182125746,,-0.4435464943213804,0.0027752751357537,,1.7693509907029878,-0.3492689660780859,0.7879584501679144,-0.1273923341618556,0.0863326652494023
0.3158325593022058,-0.3907883237877798,,0.532084064518603,-2.0021541256333344,-0.2509685997566678,-0.948269134138198,-3.416665653338218,0.8482643652621124,-3.163020000435035,-2.7061155016085263,-3.962575211006975,,,0.1382614634447817,0.0201662682543724,,0.755711627857147,0.4624662872828825,0.0802789271040825,0.1674766459170439,-0.36385919466033,-2.6516460491392806,,,0.4242274263879858,-1.851880713666335,0.269583077470011,,1.225665442919989
-1.5588906280553334,-1.0356972068134398,-1.1055963480082085,,,,-0.486342432228204,-0.7288712350961196,,-0.1478697560386562,,-0.9347007628502936,-0.9849927133481352,-0.2559472369701953,-1.224185744140689,-0.840293722421917,-1.2596452142528438,-1.23278373993687,0.3600055250151346,-0.3786340752918951,,-0.1861839808155352,0.4548806796771419,-1.3287156780296865,,-0.5854022876837565,-0.6499586638309844,-0.83067701503816,-1.7747328779538547,-1.580737568600355
,,,-2.38466318843742,-1.60328107972551,-0.783276115528682,-0.3698730460627333,-1.100330513589855,,-1.7720290999339992,-0.3703831550185865,,-1.5913170325631787,,-2.3718204465048416,0.23699832755063,-2.550201274057831,,-2.241692202401673,,-2.0129951527997103,-0.7582514921600981,-0.805151044010456,,-0.3132269373401384,1.3339496079999602,-1.6680969718964265,-1.21706711111752,-1.8748961398663904,-1.7662361512977056
-0.2989529726979157,,0.7190215680880119,0.7397319776181263,0.1618600885351368,0.6809301599446912,,,,,0.1682839377112184,-1.0347495457844074,,,-0.3246929083152824,0.1466317746106399,,-0.0336762725423102,,1.4393203188007104,-0.2401175312235766,0.7056531283006313,,,0.6238845560896743,0.5683546843275471,-0.218867271769246,-0.0936424556010521,0.276350084292,
,0.1416968598340336,0.7968259220169386,,0.6063026202427542,,-0.6039354253378054,1.2852445641265666,2.373868711868292,0.3660061024288166,,0.2605135534861532,0.105255484822439,-0.3758687907578832,1.3840355857999078,-0.2429690665258285,1.590760162238784,0.7200342861787955,0.6723037682497063,,0.4940958861606714,-0.0411007801836581,1.391434125927947,1.8584323312456097,1.0656673614523382,0.0609512036863665,,1.9613838643678885,-0.158191226852962,
,-1.1418087983377587,0.11756454365288,0.6116323164432546,-0.7885952826283931,-0.1140242322277127,-0.1066548470543112,0.485081456137205,0.7797232415676734,,-0.1187654676881548,0.9928606653369946,,0.5759772226355725,0.995680937969738,0.1375815574930564,0.317918596413218,-0.4781696395803924,-0.3933013014811536,0.4988111227610608,0.4779850128321036,-0.0025883010283667,,,0.8679631748180002,0.9253013030849694,-0.9992736742960656,1.0116483322408456,-1.5071780981277925,0.3465976866797206
,-0.641151692488881,,-0.6708087940154512,-0.972876843249228,-1.257958012677363,-1.6996649242615458,-2.063890233028754,-0.2345864578050448,,-0.405622310784677,-2.016101560466862,,-1.3087744183668562,-0.4517967818963417,-1.358778402606095,,,-0.4932142744185831,-0.2526989470730131,-0.9802225699805583,-1.384805464525455,-0.9749792571062588,-0.0627549542444232,-1.220095518665218,-2.1645202234085907,,-0.370060278083494,-0.7114465799056249,-0.853713745615371
,0.5960698290070374,-1.146612476135866,1.808278575634408,1.462266152506965,,,,,0.6705715145291583,1.2368476012294498,0.4272716200568443,,-0.8505733241383526,2.196253809016822,-2.089414546630411,3.6773106291028,-1.9552331962652765,0.3352654420266714,-1.8999136279470925,,-1.107921298288748,,2.1381756177974944,0.8159472421441276,-1.354281738687971,1.6233112062692157,0.9935406410111982,0.3303965855771885,0.7144996981275534
-0.7295571203081304,-0.7355894977951031,-0.9435444266882554,0.6413831570691316,-1.499998417948422,0.3442860258146124,1.028919135956301,-0.5103505849025821,,,,,,-1.6727902023866867,,-0.7470974540017558,,-0.7895182303327323,1.0363761971474803,-0.6835403182576811,0.0680298367758395,0.9074434954582694,,,0.0396664030969779,-1.241072145352044,-0.7682102274690539,0.2573395999932456,-0.5070632031433587,0.0288029380541871
-0.7300019372276024,-1.194250184380316,0.7605239935092198,,-1.0693030585679355,,0.7512217956888088,0.2078161995279178,-0.0650051260314125,,-0.00069466556796,,0.6904383951677288,0.8767548810551176,,0.9127083172106392,0.7707218047447782,0.3367992489476531,,0.8242481114382603,1.5070496703242957,0.2513125646552199,0.6124914890106156,0.2561330305706012,-0.205807792378127,0.5356777531258968,-0.5222104923015842,,,-0.2926084185913516
-0.1634840033222679,,1.3566008197881392,-0.3643433661205648,-0.8638449369493244,0.2694282103756413,,-0.3155884287899153,-0.5815532347154818,-0.0261750764464322,-0.8502421171553955,-0.1500999074665284,0.3998889107838148,1.0001241471751867,0.2378054940045716,-0.3760649396993141,-0.0839490944942826,0.4801719918023849,,1.079018266015481,,-0.2837683076759263,0.6362175754225888,0.1530664299772277,-0.1742830861688575,1.0875171476723242,-0.6906570261331706,,-0.8289930691201337,0.1097189295369717
1.88561906881462,0.4709015679234388,0.8608519854366901,0.8172642023049195,,0.4513534986180232,,,0.9854552064491152,1.507466173022144,0.8684018229243364,,,-0.4678209689362395,0.2972908932983669,0.8229173236264088,-0.2476254094388354,0.840709340470315,-0.1073547311288211,-0.5784139013647541,1.013184166359402,0.1058301748866755,1.6804636579390948,0.3382054495686927,,0.8363639874294284,1.0965151395738282,1.6246426350698364,1.725782235588986,1.7363755901372493
-0.8832169018662894,,-0.7531277521096109,-0.3081232689630267,0.3774018936481749,-0.8467421836476641,,,-1.4515063441005502,,0.0773198685465861,0.9699169651446248,0.8813451085164962,-0.2104195910265512,0.4135651002732829,,,,-0.0827674735741055,0.0889726741497192,0.4881823219105816,-0.7082417197952634,1.1930350307601425,,0.8495375542484157,,0.3524177938943784,-1.793678800773691,-0.576462027169166,-1.4328935012099209
,-1.1736880572958854,0.1642717107067831,,,,-0.499438044290957,,,-1.3364634470834416,0.0838492414197282,,,,-2.2556621370242977,-1.3477678448807675,-1.4266346584365586,-0.6528228584011257,-1.4417816999245363,,,-1.5586038350074525,,-1.403872362154147,-1.6060994719867596,-0.5835171709180564,,-1.68595556357498,-1.422923535031703,-1.7034361571235128
-0.579100427584451,,,-1.149010978722519,-2.221428336602976,,-0.4807562364650768,,-0.8440602748626195,-1.8369814696533384,-2.1131222038601334,-2.362272002365906,-2.132281284860764,,-0.5690008689760131,-0.0607365962736543,-0.8192140025540849,0.4561804684844093,-0.0562479054253451,2.3770517574706465,,0.4710845988215725,-1.4109612442959545,-1.2508892470391446,,1.0645848162351823,-2.2690835720597047,-1.0311659570723553,-1.616752081332335,-1.141327127508753
-0.1119319441092528,0.3159518832706653,0.7654283902416843,,,,1.242834964949198,1.6614123155465628,,0.2717178434440348,,-0.0098082927992564,,-0.3186581622837623,,0.6916107471120895,0.2734566941767613,0.7887590618819013,0.6984767028906902,-0.6433374936581879,,1.2664297331840733,0.125499021621244,,1.4207671715117332,-0.0442877452010534,,0.7414481708143825,0.0870009703586271,0.1990973365837585
,1.6584924683235749,0.3578386570521277,-1.9470052742216537,1.9973727120686435,-1.5441111570875627,-1.3819476453176776,2.076233265578473,-0.6931579458371167,0.6908165101596995,,0.4313951710712648,1.6854798197668843,0.1807825169114509,-1.341713742013556,-0.5793281606183113,-0.9587768030212848,0.0215877976715303,-1.1865916897000852,0.2120959797159476,-2.036548486826726,-1.4306661621831562,0.580036266278946,-0.6198650265430815,,-0.0035121414926369,,0.0533866555832839,,
-2.4616345927992334,-1.1923313184722395,-0.8789869801015862,-1.5021108456254877,-2.2238014285796366,-0.8125970302329542,,-1.27213089952879,-1.3769338817928538,0.2122167158438178,-1.618303244663058,0.5378427367408922,-1.375382340327697,,,-1.0521846938040174,-0.4260960944536179,,-1.0080175030542349,-0.2747631580992695,,,1.210465857708771,-1.134908030231252,-1.4504926008813022,-0.489063883448607,-2.0327154481160337,-1.7109668609653403,,-1.7399735199225528
,,,-0.0113970861596283,,0.2864559395102959,-0.182629875501836,0.4669029320073776,-0.0662723598875335,-0.2916680860157691,-0.6335236930682969,0.2933112551877857,0.3949234780133197,-1.122783301871759,-0.1607315548138743,0.3496114544076322,-0.9502102490197148,0.6073317484328351,,-0.7494621537997248,-0.1220869576855274,-1.0352695500154152,-0.4712020700711533,-0.290438161456363,0.345963708066606,-0.4670028826995889,,-0.4937383351466743,,-0.9913096064648949
-0.3214112829651391,-0.0475500131963604,0.6571990566207988,0.2780375326718103,-0.185615939301066,0.3103213638783655,0.6514964278703314,,0.9375138501136764,-0.6561019822171634,,-0.5447876593135528,0.3519023932752051,1.0281210462413215,,,,,0.1469714656099073,,,,-0.6740441112416227,0.2155190464717192,-1.224148212086761,,-1.103368679240707,1.1989567624210553,-1.106376344215285,-0.1243906122861401
1.0908889836326685,0.756306672887212,-0.5771560588269542,0.5041525498440119,0.231141144859004,,0.4878943359492693,1.5051239732435708,0.4296410824166508,0.5726345348272597,-0.1275008436077684,0.6561399069761317,,-1.447688269479876,,-0.0750930494227691,-0.3696994281231238,,0.1866241904878799,-1.6599853920816603,,0.0107978625209931,-0.7127500851640363,,0.8583764366982972,,,,0.6237952808878552,0.0587411549683487
,-0.3955766743113516,-0.2409776185675869,-1.2937192206167831,,,0.3241915683154753,-0.5593924750818107,0.0208228820461866,0.0920248902205822,-0.4352332112830969,-0.0903356052600228,-0.3555152252606455,,-0.9713328322558938,-0.3408435469065858,-0.2873491162991104,,-0.8669199054314574,,-0.6639544428249251,0.3320205813372117,0.4401244784391876,0.0720191784803007,,,0.0856030304475521,-0.9919613947517606,,-0.7542333221228528
1.4634118605029225,,0.9788945493753536,0.6573812035291714,,,-0.1451491056828145,-1.3386949489951647,,-2.8950556707784747,-0.7576179048453424,-3.152237558278969,-2.81654662540313,0.4956313605383372,0.9598565084629148,0.6861563926783111,0.0273354494572365,-0.1316119198048198,,0.0753841647887557,0.8462001032819835,0.6605989273924042,,,-0.4468553727954128,0.2744227844204497,-0.6332528818831799,0.5345232010571427,1.1089461752690644,
1.3167703911169273,1.0246646037052316,-1.7125172550229346,,,-0.4674674360897476,0.2167734866382811,,,2.651206205377053,,2.6308655874736524,2.0960069613525016,-1.4475279576988551,,-0.2728923089821937,-0.4977586987068085,-1.4508518836316693,,-1.4806519292948737,,-1.244084429987442,,-0.0392050094721952,2.255736505686313,,,1.3405460896463008,0.8908886717381203,0.8160058717987586
0.4604289334319469,1.0638723770377465,-0.0316665916105888,-0.1313505828028894,0.7916052403804801,-0.885605148036324,0.0434378352237061,,0.2235393973526769,,1.0316503830342312,0.3102864682560193,0.6992466410660607,0.0195724491753696,,-0.3337928006248185,-0.1662312527177389,-0.5983665697494729,-0.0881264542596617,-0.7262535096230286,0.083413627984154,-0.0861140514561249,,-0.2182616081718682,0.5243654286203195,0.0479470485894774,,,0.6031016446096706,
1.1399010370617886,0.6540101023268594,,0.1403676567261899,0.783732835594832,-0.4482545813193984,,,,-0.0296521305800631,,-0.2780214889718349,0.8857259911334223,1.346071285949133,,0.3704198082978292,,,,,,0.4521887577639857,0.2390986104445476,1.1791565534511548,,0.7435140551205421,0.6492758383929166,,0.669923888716913,1.628621434069021
-0.4860504480214133,,-0.6161645627098519,1.1261645508914973,,-0.3272957340357076,-0.7267665297767869,,-0.8151546366575765,-0.0757558651471375,-0.6178698890748382,-0.4931271093737071,-0.4324964991052066,0.1959981888718566,0.3875469138798701,-0.4153485538982349,-1.0038157567768846,-0.8320923937847295,0.9726553955951676,0.3942825321520777,0.9745366784706552,,,-1.060867998502956,-0.5791633530583821,-0.4206596431155913,-0.7073864615299209,-0.8631626088901351,-0.3901796469912796,-1.1987158216882945
-0.4905962040528707,-0.8558462536409848,1.905933949656296,,-0.6015756692061476,2.9627678929742403,1.792003532641566,-0.1087520864225742,,0.3031716372845249,,-0.2995937788746526,-1.1069955664324036,,,2.204369654035179,-0.5293117645608522,1.3856965380660058,0.6125539018310829,,0.8972847426546348,1.707545205020956,0.3377179852199315,-1.134942539884996,,2.1656787464249265,-0.3771693666642634,,-0.7729081440850553,
1.9241998739602597,1.1108826382699564,-0.8935255954494582,,,-0.9596182885326994,-0.600465868610959,0.1880400553600783,1.4291171201673658,1.7860259950435464,,1.8116678969666575,0.8210997315138518,-0.3364563700599443,0.75069805733884,,0.9816758320387472,0.0107625796428007,-0.3628118052407704,,,-0.2626926133072903,1.5613111850383763,0.9996151016037952,,,0.7222374603288699,,1.680066988589443,2.53297245330157
1.2820187779449783,0.897317820833353,-0.399424142824703,1.4474045254835055,1.0941381164026591,1.4034388505892677,1.651192581181279,0.5433649832745834,0.6583288349759387,,0.0954344992158841,1.2450887166873676,1.3353511207920552,0.734301729740539,,0.1357027730915116,,,,0.9644901892062032,1.0890901233352055,1.7132305783874704,0.8822033735552236,1.070332433494657,0.199010356561202,-0.7470680444080198,0.6424482177585931,0.489746609104122,,
0.7297060933686724,-0.4375715283791019,,0.5794221812483352,,0.1785993547085986,,-0.024098031406189,1.572652417073102,-0.9851378701911296,,,-0.7866748684860203,,0.1666353683147232,0.5575353866766439,0.9580441371455418,1.616769363083516,0.2358679473710148,1.5937043181053805,,-0.3633715249957653,-0.4579612683110552,1.124235837777631,0.282325100786585,1.1094173586244405,0.5761182919258938,0.9499612778896313,0.1490148558254707,
0.2996537578805572,-1.0457269181934814,1.3606463540084612,0.395318422622445,-0.7604214197061957,1.1244817227037356,0.7924950065129491,-0.2412713626482575,0.0266509098618798,,0.1370121250533438,-0.4665167213575657,-0.5205616456333064,1.480969000890212,0.8126589279374729,0.8624806342920042,,,0.4606021504031071,0.897839752427097,0.8071614152027539,0.7561662559444067,-1.3678802550226623,0.6256156040250476,0.0931881228445018,1.384079601979346,,0.5904730397186388,,
-1.0837264794786878,-0.2279050966256982,-0.4543792563343639,1.0692136921160056,0.8075455406252116,,-0.8261937239407373,1.2648841712148464,0.1110442451945071,0.9026052526236048,0.951177995711586,1.3978744556102791,1.4947805453463905,,0.3462544383184883,,,,0.3005197237034279,,,-0.3028909252297335,,-0.0080621077590861,1.2949633801092977,,0.2915162272921615,-0.857408370243586,-1.102358436184705,-1.2954993425855683
-0.0867724826860221,-0.0844221911092249,-1.4395784618462244,,1.0182915499849496,-0.8330615859208307,-1.1438655918766027,,-0.2213664752105352,,,0.2462986621883922,0.1173867720670743,-1.891296196621386,-0.9796490640000766,-1.1340876284229924,-0.4491331655146588,,,,-1.0118367307139762,,0.5197255693070345,-0.0678056898806327,0.1125562371211092,-1.6672080421029305,0.0997558557206845,0.1693633983226203,0.2607875548467526,
1.1731490508243885,0.8651032275787139,,,1.238233432978261,,-0.7631714036711026,1.3136736105206146,0.3181759435332251,0.7993080846416522,,0.8190513122230759,1.5929143429038994,0.3731979857673478,0.3823211506847563,,0.3297131902122537,0.9709868913522928,-0.5008659028225168,0.6039750752144576,0.5076173803079493,,-0.0529948760083335,0.1426879678984126,1.904048439145512,0.9626426644829268,1.3190453867180043,0.3466445479303406,0.6841765612699835,
1.082871498788647,0.198255761010682,1.0503122568313716,-0.1705691747698219,1.347724766504338,-0.5817851821403572,-1.6399738175763128,0.6853885254275052,,,0.755229789089164,-0.9486396341575548,-0.5623580085241824,0.972196561790578,-0.2202922178448011,,,0.53676587861783,,1.0658159914549743,0.054178865677236,-1.622349489133055,,-0.0939760306410814,0.4563940475100141,1.13058834733878,,,1.0118280426030457,0.8368102017144617
0.4740841778649565,-0.6308595372369236,,-0.5417445759965589,-0.7814750179407803,0.793585248027797,0.9523704230649828,-0.0268778363022221,0.2760941413837558,-0.4215303702964253,-0.2349412760270886,-0.0671309347457612,-0.3555137171648317,,,0.5923729027888571,0.541035882318948,0.8310115749945399,0.3842730821571922,,-0.0045433833260281,1.0573870131226155,,0.5199358687561031,,0.5459548260478975,-0.7564199735157107,,,0.8948171344351789
,-0.1469262273535707,,-0.220501698998062,-1.1674491034218375,,0.193921368139016,,-0.2555888108959218,-2.510318194526068,,-1.8878632410484637,-2.435981951963916,-0.1763780901224393,-1.4497425951736045,-0.0179693995560252,-0.7202211918315681,-0.3711340935592535,,0.6417014750555149,-0.872125340598462,0.3359186197220311,-3.5472787014776754,-0.7545600897789847,,,,0.3059918136391898,,-0.3592440337595374
,-0.5725906608281072,0.3839070550598913,0.8685248606085955,-0.3219612537088779,-0.818521332468007,,0.2612317112879472,1.3279603656519825,-0.7048330400794341,0.5238207155896565,0.1002275613529744,,0.3777350155235879,0.9858795307370944,-0.6196135662289243,,-0.0014700100518454,,0.0945192419639878,0.0698953841648641,-0.1092251152894878,-0.8349804680963969,1.913932560406566,,0.4154867750753382,-0.6636895971563425,,-0.6290328193039294,0.3456726608558143
0.0167482276331899,-0.1992599055523802,2.367548277066611,,,,0.1417972557947914,-1.0203829056409517,1.0496291575808598,0.0585873294379029,,-0.2412094820902135,-0.7442735590160454,,0.993826601525112,1.068447255524525,1.11577506763324,,-0.3342267149451978,0.4862740168016549,0.5581301370797906,-0.2790050923845663,0.1594313580939688,0.572235334414593,-1.038994018999062,2.21854402789794,-0.6797594315292138,0.7186477281347984,0.0292214126079614,-0.0350681490129612
-0.9350096509377864,-0.9328785093791068,,-0.90143366492482,-1.1710167278540025,1.1523818262918308,,,-1.7165158523227804,-1.780208355434081,-1.95545070502499,-1.6811430624618624,-1.0866446231054647,2.880865114368165,-0.691450117804097,1.7625827085124444,-1.169528954394828,,,2.124740351975836,-0.7105388375591436,-0.4019955139592343,,-1.4679310396835494,-1.2551287995260425,,-1.3186319558064998,-0.6552588200978803,-0.60748907102747,-0.9087886004709576
,-0.2132823608134694,-0.9586700481716216,-0.7709589839808592,,-0.7839369492687273,-1.0367496128153022,,0.1811650843696848,2.1158999332826776,-0.1892780691466219,1.844806537392924,1.4193154250648858,-0.3453990220123635,0.4806089320833127,,0.1306020027437897,,-1.2109371754491691,-0.4965431631970865,-0.4039736438171018,-0.9135651640432364,1.6697111567997058,,0.0202104476200294,-1.2686439144261463,-0.1692269067576085,0.6472870884027212,-0.2609154046091844,0.0557092523549507
0.4653436961848891,-0.0664779234922505,0.0952278336041622,,,,0.4915577227077802,0.1971053766623635,0.7757657638203617,-0.0954791643307791,,-0.2797743009295617,0.3239012407761691,0.3197836975587442,0.0299944672517226,-0.06070585194128,,-0.1697675927532509,0.4371176109949793,-0.2878075564862355,,0.1370844924062497,0.4168723126223108,,-0.5846196771481418,0.2317651882605519,,0.241738374396207,-0.3654062957700162,0.9356702322661457
-1.3350764575926075,-1.5519085171307088,0.0376885663460129,-1.4282172497913004,-2.540475576522188,0.0360708570178933,-0.695764457252197,-2.2405094162996946,-0.5674895458714762,,,,-1.6010973652299425,0.0449683518298954,-1.2757443143062352,,0.1363003044448382,,-1.7857409706374596,0.232950771972557,-1.6763787453914347,-1.095622635089352,-0.2454373989851086,,-2.700811083490388,,-3.5805698870079152,-1.4877004336206725,,-1.0981430115615003
1.084887527762946,,,,,0.5873033681637577,0.3113217091401535,-0.8681303553982552,,,-1.0203255185054296,-1.673734293643529,-1.457958501046945,0.4047091066250949,,,-0.0554540736538042,0.3164766142253157,0.6897051667655479,0.4250587404095999,-0.1284316399794452,-0.0548324742931402,,0.477421352098869,-1.0236743994820008,0.13776117519227,,0.5193132403282928,0.20130400811085,0.8495340374940866
0.8087565003462348,0.9113221889636708,0.6748671765661951,-0.0941874755661358,-0.0130032594652499,,0.6283691462343617,0.3233306178636657,,0.6900570771439686,-0.0227513620151674,0.8094875176762162,0.6544337506095799,0.5449947468800108,0.6089681218467043,-0.3252416791743905,,-0.0632276029696151,0.9569275718632372,,,,0.3067237668597607,0.2723283587693691,0.5262746239748807,,-0.11606199272198,0.234201186860832,1.6069871442231976,0.6060191978420565
0.2627249280386538,0.7313058728606876,0.7316896316525371,-0.5547502304068312,0.2148771975898788,,0.4918128132424463,0.1768976656175678,,,0.6572624651542515,0.9836607874439396,0.3144658411928805,0.6900441067990225,-1.1779130269151596,,,0.536330101945062,,1.2603092442307289,-1.4356248201121813,,2.2475872422247654,-0.2491369609456975,0.5948240334512263,0.6154129357331798,,0.0918815379590059,-0.0576317404193102,-0.04810637425033
0.8476590832904741,0.2605885705417324,,0.0932541834664311,-0.6922505672663085,,0.9513537527499224,-0.7995330814757069,0.4026236094477985,,-0.9197480011313034,,0.0175173446803505,,,1.1856027350350686,-0.2360131798667787,,0.7704583973220226,1.0867494699786762,-1.0719192403726447,1.0590685869992036,,0.1635825856384154,,0.8662424030492623,,0.847546433323545,0.1194765397640669,0.2364575905744848
,0.0474515142189283,1.3329079066819849,0.6419412400515474,-0.2022291877779693,,1.3601076334192912,-0.7262738593263436,,-1.5186668819155926,-0.9482068705219115,-1.358328265985812,-0.9141482277186996,,-0.4242610586139902,0.3148775629309295,-0.9680005063230406,,0.2329170940074788,2.0720821815499293,0.0200159156906023,0.3507915906310677,-0.7399619276947363,,-0.8176543546105486,1.512845782538408,-0.3769111304198498,-1.1011401507311664,-0.2817579540085153,-0.6679572495753505
,,-1.4411069294979408,-1.2567134104458284,,-2.3854229729190783,-2.27954618607116,1.990089839694403,-1.1650876420779817,,1.5905628879993317,,,-0.9917196316677116,-0.7530782692446278,-1.911563877752535,-1.015780039528441,-2.215926273113896,,,-1.4376768580355102,-2.635010517512691,0.435577404428997,,1.9309581717647228,-1.2489345861943058,1.5608059891349513,-0.3512664928845827,,-0.4581872111258677
0.8838473053234107,1.4279881755831136,,-0.0377260223098677,0.3711484895774662,0.4123066608241219,,0.8296506708920609,0.9351313803839348,1.8372612650592792,-0.713172869691207,,0.8447726999261009,0.7537929520044392,,,0.2914711212501104,0.079732406245029,,0.254410819202836,,-0.0645520832400322,2.2156066019988048,0.7484052808472018,-0.4883221080566959,0.6158127176194482,0.1563714048195417,1.195739310878799,1.3582738398265617,0.527010996387507
0.8471640009852291,,1.9989881766430773,-0.518358046238618,-0.8133436477871145,1.9112792019374043,0.2069804075171929,-0.4423077193392795,0.0757257611526852,0.3238571704733495,-1.6576367558256786,0.3456830008837691,,,-1.2273931554732185,1.8803916076627032,,1.9042541779174056,,1.2202842313263011,,0.4637011234771723,-0.2135611317691933,-0.0023324496387826,,1.4945177594046977,-1.9544219530727716,0.804760769932656,0.8705389694202599,
,0.9094824841757548,0.945496507652109,-0.7206007806506729,0.95667254849738,-0.6576124876130004,-1.1022633584610424,0.4685195638537454,-0.2856221802870355,0.7148582284852193,0.3403662056421935,,0.12990333717208,0.91566812965019,-1.0859038397330885,0.0287207638448728,-0.1566795795335283,-0.1448437115874701,-0.6449680392957856,,-1.2874397294345843,-1.6626335749428656,,-0.7598967340689224,0.5776595402395239,0.743807318975795,0.7041474161594657,-1.2047252208636343,,
-1.5186797682212256,-1.207637219339828,-1.1759182727877344,-0.5977282659619135,-1.0562320968968566,-1.0711604530539067,-1.1227124212738322,-0.9853155122768724,,,-0.0836909604073524,-1.1807377648688102,-1.0398831449742645,-1.2236462694061614,-0.4746665900858456,-2.0749522804147063,0.0281192846046457,-2.069007095304156,,-0.6728395781633356,-0.3328326375315689,-0.6872116469348949,-0.3381044006911883,,,-0.8607683416930332,,-1.1937955644305815,-1.932305391779204,
-0.6440487697656314,-1.1557863065297271,,-1.184626524177425,,1.2171859029021024,0.969344623962396,-0.4455350473097755,-0.6671574259339549,,-0.4170630322219401,0.5991610910939316,,1.5202204090438851,-0.9047365118154972,1.8028914150766917,-2.03065644145537,,-0.0672212080168981,,,,0.5093990593875372,-1.5919484500962744,,,,-0.9721934617625752,-0.4126804776334752,
1.2138990397175569,,,-0.5656142441062545,,0.9166231870194598,-0.8465481029337961,1.8266853818915445,0.749914788000362,0.5907756439414176,,1.280498160786398,1.330490566970049,,-0.7351494244109844,1.2478132459701754,0.4523450063207406,1.4912390359633922,-1.1955772803260136,1.288253562148851,-0.4865831849961836,,1.276579894809931,1.355224447949053,,1.88597836192282,,,,0.9154645965134564
,1.0007810966874342,0.8778445437714514,-0.1559101459696778,1.0589316028924387,0.66510440432365,,,1.054384716222422,-0.0787788768032061,1.095331149811711,,,0.0607339217136264,-0.3614650158107761,,,,0.1246877241039772,,-0.1587739775809506,0.6496607096662543,-0.2050050766266065,0.5177760812455761,0.3753292682550174,0.5595229292078215,1.3587305274261396,1.2841981892589325,0.9197539824832368,
-0.1943471549577069,-0.1606489230976456,-0.6907718012705466,-1.1124240717511262,-0.9019077500875552,,-0.4041859690432468,-1.071671836338986,0.8219287803201469,-0.1553857727786917,-1.25449969486981,0.1554328920361496,-0.2141468867836829,-0.3905514899244118,0.8699938548139285,-0.5977281803284435,0.772512219197506,,-0.928107757137238,-0.6417180078459861,0.2635696761079379,-1.1455630280349554,-0.1507144465308153,0.8052339041104556,,-0.5260449584453587,0.1962629506950072,-0.1119300902243751,-0.8931271008925348,
2.229992750249238,1.988044061948833,0.9202375124048188,,1.9875009877944707,1.1691399472860944,1.1724818793554774,-0.4271287505680813,1.9077935194457736,-0.0280433322818618,,-0.0750604835271258,-0.549888030373562,0.4154451664530976,,,2.1788900732666616,1.3220163522113464,2.3078068436403085,,1.8322570995457623,2.018359972645344,,,,,1.678364547519658,1.2963995433819695,1.9995685876914195,2.575717185696144
0.9673006075324186,0.9549077949055644,,,0.5175726123935275,0.1174351874622587,1.2588084695844328,,0.3820214446069573,0.382894960163604,0.1482529009487213,0.3709207363188877,0.5686047008179888,-0.0138360742647796,-0.6864894598571686,0.3901109845862775,0.407663865369625,0.50668312071507,0.7078715236143965,0.1372388108315369,-0.018358047992469,0.8017199048465256,-0.0202879113643032,0.1275357017456564,0.3659828247052559,-0.1448895948939709,0.6674935530743464,1.053996984250818,0.3743971387928686,
0.5584610862077846,0.6752268445828072,-0.6992101063239692,-0.2828224935625402,0.8125589507501196,-0.0684756611830502,,-1.4765461614572837,-0.7823844656939809,,-0.0879206102932784,-0.5589739139913252,-1.0131687675563965,,-1.0629777744534357,-0.2273814163381771,-0.6571882547670599,-1.0656922587697986,-0.0501331719545387,-0.5698649748976227,-0.8946418118821562,-0.4903640847208915,-0.5588943934573068,-0.984592872211662,-0.2781635395558227,-0.7165283636750878,0.2313161824158453,,0.7592258560930664,-0.4177634046518652
,,-1.6818836116811031,,-0.4626301751580242,-0.9769470701520062,-0.5044620837384506,-0.9213735817576248,0.4860080275395119,,-1.9679045528463728,0.1528168066174017,-0.1071377338372411,,-0.2293312093692373,-1.1719959807426603,0.3554437772887168,,-0.8852733988617824,-1.922198589325952,-0.7864459388750774,-0.9185872897207276,-0.575143088968218,,-1.6373672748959989,-1.642972960927331,,-0.3487105315938573,-0.3272270661168697,-0.3561808939767242
1.9245985059630148,2.3364632946858106,,0.2000662934662328,1.0505845541562575,,-0.3262471289058585,,0.7221362567223346,0.4031839385546397,1.42923615674794,0.9076687503575328,0.7594122472620817,0.3993667516720158,0.5170449548303571,-0.6648638618308201,1.0099255069250272,-0.6850001799593142,-0.8671895677058681,,,,,1.0831576914105396,0.8151607362824476,,,1.6676559270135347,1.929529556975027,
0.4202541685080164,-0.4512336582621465,,0.5992467054895012,,-0.1883685674383965,,-1.3054473432457556,-0.023095190481526,-0.3670255829234173,-0.4311551120615326,0.2934474394613756,-0.0942524669954613,-0.9261253075335344,0.5722119184144042,-0.1220377935766644,1.3721158195339205,-0.0514734575917689,0.9526055783785764,-1.1248680737881205,,,-0.631971059717196,0.2822217884527631,,-0.6974286203247098,-0.9522307384103816,-0.3375678570153202,-0.0144831643694731,
0.941277976277094,-0.4966732422921858,0.7745525907032511,,1.1236441180188663,,,-0.0003297708456393,0.3576397853531715,-0.6417372978513413,1.022056990092285,0.5406914016408466,-0.6031908930659688,1.0430223683425457,-0.4592739967489365,1.0059480317526324,-0.6230327243556338,1.2813333259744613,,1.564733028751145,-0.1673740423242214,1.1640438881812194,-0.8988614936336288,,0.4397703279045157,0.2036403301816849,1.5065790877017695,1.228513863621198,-0.520660447224099,
,0.5359493620501047,-1.1089132764514618,,0.5793327489251731,-0.6867961445779374,-0.3788194282941539,0.4019585170067812,1.2932352011246098,-0.187400311923006,0.8239205979948964,-0.4739281303671177,,-1.7752817209565184,0.4784355347581178,,0.8371928472966426,-1.0429971962830875,,-1.192729324265829,0.3663645977254083,0.1896627842431562,-0.0552808104018716,0.9372688451140884,0.4342203033785057,-1.88680275495316,0.5092971801358982,1.2705896150971758,-0.4686693589555518,0.6160231302103191
0.7151675920553152,,0.828416310105708,1.218028337373549,,2.0233796212553044,1.555710906334857,-0.9866986215491664,,0.1197313203797602,0.8883838880432289,-0.2016132688410607,-0.7775621141391287,1.4509899862095623,1.13170475831077,1.7589256610773634,-0.3657497271134278,0.9837193450939028,1.2101570584827432,0.9946108422575516,0.8591942725234794,1.0876820951316988,0.1501150093901931,-0.6247497602368663,-0.3587515758918427,1.2359195113065835,0.6860390424638129,0.8327155722642308,,0.6672599242923303
-0.8798074388168641,-0.247861888056167,-0.3906017840658702,-0.843707648790871,-0.3075569518082893,0.3654745887631887,-0.1406614167174548,0.2052357912389201,-1.614252106861496,1.2536145802819778,-0.1839908690672548,,0.2241437277580276,1.2032773452478904,-1.8756335854059505,,-2.6099240051659365,0.6247898027828894,-0.9706790684353706,,-1.6989808546961196,-0.4515308618137818,,,-0.168324621047241,0.4854720798690894,,,,-0.4323558588804608
-0.6737699878528093,,-1.854387644214592,-1.063595153475366,-1.316279491625301,-1.0809051422508145,-0.0575291947589973,-0.6230620387769743,-1.0221649525838472,-1.9301591251008496,,,-0.9295108894729662,-0.2300817876422114,0.5739518456844487,,,-0.2227090992901565,-1.1855809158247386,-0.7717211856565334,-1.5439285419797455,-0.7909463031253214,-1.5678823928164798,-1.103941477427143,-1.6557649776605845,-1.6909699769452593,-0.1983986369357359,0.0296349189351866,-0.9679998582367854,-0.609170841233054
-1.1804557881959783,-1.8926647132062768,0.0296431633055901,-0.3468131158996998,-0.5624616097187258,0.0055816107987608,-0.3502619053345175,,-1.137076210509963,-1.3725928620877357,-0.2931982265359178,-0.5907873794208157,-0.646543298736265,-0.2098090344647136,0.0545361032765319,-1.787463763965434,-0.7717627402912965,-0.380340569472699,-0.556759053592669,0.5383880399747308,,0.0480622308139764,-0.5550114585937065,-2.2935741942379635,0.6608281734328031,,0.0484504667476781,-0.0088719280109467,-0.6806395940181679,
-0.7332182135191506,0.059970157179735,0.3051829513749116,,-0.1955213420049353,-0.8935603193363273,0.4493248171154178,,,0.673304035576199,,-0.5194038556549202,-1.2025975058045475,-0.0179992095736054,,-1.1346720138198498,0.619901401817732,-0.1461668202318833,,,,-0.5169999886290373,-0.2789947001253208,-0.2457905887788581,-0.5863680444941533,-0.0692168021766199,,-0.2158105968515594,-0.2692673423177323,
1.3780137293034902,,0.0488476457269493,0.6908680932883168,0.2556203972602481,1.3073663860428266,-0.3249528981995572,-0.0011721577082639,1.6383027474935032,0.1742569145811149,0.303779922092366,,0.8437766591063329,0.5431491286463546,0.1888812959622929,1.199304635470537,-0.2797146892350473,-0.1036642959157745,0.0409006433748673,1.988633224852176,,0.3716215479398948,1.5511047533049664,0.6323994991323518,0.5928884966667535,-0.6080669219803096,1.088119903610347,0.2152286925167975,,1.8544916314375672
0.8802648731945862,-1.1302865807504492,-0.6593029654601237,-0.3341252303711055,0.4856422778258658,-1.7036412308411442,,0.5148303036849983,-1.7311404536899138,,,1.0700856259182754,0.4865129639884777,,,-0.9353485301659242,-1.5753884785364451,-0.5443362871558306,0.4569816179357958,,-1.696906614325042,0.0913475940556007,-0.1748822460237929,-1.2384721619471544,-0.2146908015465768,-0.5835029065579715,-0.2874839079170271,-0.0779328579803537,0.2644185586750732,-1.4056925254683756
1.6742143700980383,0.82013859678113,1.124823004776351,0.1547156742723907,,,,0.273446659413135,,1.031253164021223,1.0301269958896653,1.2092268850868666,1.055873237155941,1.59618616415001,0.3551013573543707,,0.1897398991547295,1.5143450603885469,0.2167683371215297,0.3093228881429902,0.8516239261928079,-0.0675732759717917,0.7018072759626129,0.4691934893538116,0.4804047011626287,1.084811427694279,0.5523135426371957,1.232973143560386,0.5171899646664714,-0.2124770804881979
0.8193819218759401,-0.0227443826042035,,2.1899733815492755,,0.8061522738988438,,,-0.2182440907826649,,0.3961249752164854,0.7832232717637228,,,1.2446306806992893,-0.4390110226455369,0.8911678003451439,1.4686232869785525,-0.4081673257917431,0.9811930263517104,,1.2143693397377031,,,1.0411948115035974,0.9390046428928362,,0.4566811974810956,-0.0532638071969329,0.804773759866404
-0.4014131812555128,1.4754879767535127,0.7835699580857332,-0.2511751692271891,-0.1983386829357949,0.4205800421952301,-0.8986088162420469,0.0901724348550722,0.9580352765836068,,-0.5397350417752169,0.2698998653630163,0.2578639024455618,-0.5719459088107993,,0.219990614772458,0.7328185161606219,-0.5896857284972902,-0.5665691143215635,-0.1439668709868846,1.0583981294809803,-0.2578603103061819,-1.2410867178016485,1.11381079297602,0.075977692086458,,,,0.2897057529500731,-0.0272980696215065
-1.115599124481169,-0.3618149809289011,0.3143412913795589,0.150257975524629,-0.8921068500676698,0.2241762406293166,,0.0089513875455346,,0.1533768819707182,,,-1.804064273501214,,-1.3150527961119818,-0.2385437638422003,0.1678390469803517,-0.749430495697281,-0.5223850056700919,0.0055536007778332,-0.4543910489272363,0.410154770179588,-0.8708041383679599,0.2198642133056325,-0.4335488443950348,,-0.7776457949698768,,-1.0779643435177346,-0.4833029531309611
-0.3618354615579192,,1.918389755533933,,-1.23680367129088,0.4870032723264574,-0.7520701502682364,-0.3123416838631832,1.2030273815570447,2.5022742895874472,-0.8923830863321529,,,-1.0032938615700882,,1.1975393599314583,2.1766808258842247,0.6106947746875125,,,,-0.650153617230648,-1.5371584034477968,1.8567457004307444,-0.7491152606578392,,,-0.3470936417376098,-1.0639585814814314,0.0344789776850859
0.7893129566754838,-0.4939075900205424,-0.7702506404291596,,,0.3442634442214612,0.7144207602881638,0.4987658272494419,,-0.7982511084663676,0.9187196011445676,0.4952172790714221,1.6577856651143985,1.0720956807616668,1.3548859026369178,-0.1547948924086556,-1.0679831686592534,1.5264916638171206,0.4605201583653047,,-0.4600096815221343,,0.3545561796556424,-0.2843416157634211,0.5575228580605918,-0.7733182679829635,,1.0244004306548085,1.309030982279941,0.248299496402806
-1.3156955937616557,-0.9919484713390978,-1.4504606781431957,-2.456696641802015,-2.204056126475351,,0.1401236507904464,-2.803466491055104,-0.7974881728617799,-0.4997135687465872,-1.2448663297127678,,-0.3970338620407993,-0.2705866109958162,-0.2150761060147241,-1.407094371017544,-1.0414350566195107,,-3.079352734782841,-0.3169702796020527,-1.2032605686566145,-3.198964883740377,-2.685088723564124,-1.061242801653671,,-0.7958795123612177,,-0.3808522661425046,-1.6302351128596508,-0.2046313504379719
,,-0.4915916162413554,,0.700139862927169,0.7154419820481319,1.4396146806845334,0.8599132134740509,0.615860827253911,-0.3640626954312972,0.6699432316439786,1.1564958447935088,1.2356457679251804,1.1095283608480553,,-0.0057360895394878,-0.1222948060220332,1.4410705719710657,0.8716224319540539,,0.0683802105570348,1.4348175507199528,,0.7146539957286093,0.715196008146383,-1.1580034511225583,0.0613544233121551,1.0026500289508782,0.6807861197217816,
-0.3097853000911995,-2.166545823219074,-0.3381770048776277,,0.8546935224841391,-0.6296812726701368,-0.1137959474350134,1.185534151878424,,,0.7014808821017972,-0.3158078410046846,0.2208888247955021,-0.424562172038754,0.0194453786420445,,-1.3399574160652572,,1.6525525161782282,-0.2739686912037195,-0.833399684782755,1.2224668462794512,2.409695734873424,,1.2453886271207697,-0.3580154903926885,0.9270660998079304,-0.5428821280102492,0.0238613608540287,-0.8213557318270188
,0.1608282037998549,,-0.6212216374455735,1.2193558579070285,,0.1898357171484234,0.7349499524695552,1.884920726794359,,1.4960846762135744,1.0241362832245544,0.8009702968895711,0.5918813259898781,-0.0630777184311537,1.0905691161615978,0.0223269952609371,0.595020188705178,0.8895653044153774,-0.0315676238445464,0.0961131045174968,-1.3823095503278298,0.1615753626945281,0.2624165824975343,-0.7566934135685506,0.1157238765762438,-0.1810161437627427,,,
,-1.2108117035384984,-1.6380774794910955,,-0.3246939823051562,,0.4339922738711768,-0.5132421874878916,-1.058559238419141,-1.3757439568078111,-0.5805038280444169,-0.2543690511183734,0.2334488479007476,0.4353101761412169,-0.0846474525194143,-0.5136007001436913,-1.1152366858468048,0.4493797660595074,0.187624820782774,-0.0299905106761976,-1.502608128808223,-0.5432171396893704,,,,-2.161816822743599,-0.4499910774561653,,0.6806773231005587,-0.5362257940608931
0.7959891279556379,-0.0284190121527215,-0.5133160226103132,0.538471716717682,0.3220768262323396,0.0768063957655194,,0.5057078079092836,-0.5762837205787621,,0.0309174309355214,0.26767548756047,0.0884971633435892,0.6482269080020968,0.6497315968658841,-0.5003777296225755,-0.2088644449195341,0.3131225943223334,,-0.6183879596410756,-1.1310919504035384,1.580183128974051,,-0.9472183078193304,1.1088963399232132,-0.9398337139400672,,0.6308530959700993,0.0733809882348547,-0.55377488808662
-0.0246805158851202,-1.04217432122321,-0.1036180166875003,,2.1206698103688355,,,1.2985302067257387,0.510714445400818,,1.76322106221892,0.2673710745393187,0.1821093463474009,0.7231244995958159,,0.1859022316383139,-0.3631514711580502,1.6510806889129832,,2.440371487732996,-0.7559242251618538,,1.710274708329592,-0.8175532571659897,0.1047319558593026,0.343750937840256,,0.8492504898957953,0.3061524530036245,2.484354808003961
-0.9463356333241314,0.538353008996279,0.4536260396010787,-2.0237342655100874,,,-1.340049709995329,-2.2985101927954,0.8841885743284463,0.8373016484081354,-1.4341743996805978,-0.9797765460441222,-0.4349813750578372,,-0.6961256430338706,,0.9688624813817844,-1.2673820167933725,,1.6245528367465256,0.5630301393166591,,-0.868861218972767,,-0.8397119704527412,0.4067491370795985,,-1.4955296416659738,-0.1233342389278243,
0.6199971747797979,0.6020408481738972,0.0317138167514901,-0.8042824840570003,0.0431744197475954,1.5864692083146066,-0.5075250784790958,-0.5031925273156824,1.3047923818939218,0.7006913862486558,,1.0323427734769728,0.5375833764546647,,1.0976806331163953,,,0.1837474089031806,,0.817330461214647,,,,0.6530814023934889,-0.2911641701537988,-0.3248988093985758,,,0.957303500194026,0.8324892348450965
0.2967798432455917,-0.0126413926960246,0.2881790070212451,-1.3271743760109185,-0.2117103734502512,0.5304038774803254,,-1.9106998127974395,1.031609552859161,-0.3091499584361722,,-0.5852110545315852,-0.3726763217132477,-0.1431035392993224,0.599249318860086,1.0398447193964666,0.1655846744517366,0.6006230115725395,-0.8443934413978378,0.5707606610202042,,-1.83547324254733,-1.0388917631585295,0.8504898711446127,-0.5420223739870563,0.8239780117690528,1.0207805288569332,0.4036898279850484,,0.5958194929577929
,1.966871049733239,1.068971378054835,,1.158892478580284,1.613593086002676,0.1217976258404725,,2.2711983225495085,1.8114495862022164,1.281211199778592,0.3539341821574641,0.0957962039916169,0.8273525047010475,1.608371697914729,2.270697884912256,1.537354523221086,0.7835141958672296,0.6698456937733626,1.5149166361863216,,,,2.0113715185331893,1.191819574064866,0.2679122274744802,,,,
-1.2084733156831784,-0.5747236417913802,-0.0834719183768778,,-0.2636108194425901,-1.0540765696071697,-1.4586208423108695,1.4273794742825656,,0.5836513485798399,-0.1055905707678921,0.0685474159243997,0.1764890003575555,,,-1.158834046324371,0.49979809770962,,0.7214751333173867,,0.4192615122183745,2.5435452985440863,2.171226548607534,-0.6361676997007497,2.465546273299627,-0.684851069450908,,,-0.1914061055672306,
-0.0652154654768096,-1.307576255400364,-0.8019791553837528,,1.1927383702012593,0.2244479110871897,-0.5833452133625161,1.527595606949124,0.0339335477858428,-1.2405184976340244,0.9711188702799636,,0.6640210341281052,-0.7477209418322369,-0.9055999046752984,,-0.604267481404828,0.4216472403378586,1.7308441445254985,,-0.8088752780227246,,0.8862483435733959,-0.5242849673561676,,-0.1088574664500288,-0.998868115708634,-0.2291960933892463,0.5231438754613498,-0.4136845122438377
-0.4634008835805694,-1.364357749289163,-0.8339838940841944,,-1.1390245886569794,,0.0434134971575919,-1.02073285419381,-1.2407303401252336,-1.5923393336599811,-1.0507885066835052,-0.1914645112182304,-0.2586729757731077,-0.6521274833750286,-1.1957812010304878,-1.8518807899388872,-1.4099875357093932,-0.6396328872503785,,-1.239611709425514,-1.067349926908135,,-0.5225063838698326,,-1.4015190809504805,,-1.1527989789174784,,-0.7774709661699658,
,,-1.5659367349795426,1.2458580111173798,0.619321525022348,,,1.3062919440512852,,,,1.260610996783076,1.14378418782143,,-0.1133234340997657,-1.0351728410354493,-1.11026204838682,0.0582637928595229,,0.4224943173721259,-0.8813133084336676,1.4635097937983634,,-0.7840669336419456,1.2103401612474904,-1.2771068155660956,-0.392730737126102,0.0200778392975004,1.8076673062351656,0.0092364297098348
-1.5478552587597612,-0.7470682295926396,,0.3074423528383446,-0.1575503165761375,-0.8653801960424112,-0.4476464722941855,0.2662188096076666,-0.2140360769569337,-0.8363761122623338,,,-1.2553905999695574,-1.307733606315043,0.4942357178888348,-0.2495808240074888,-0.8233161006876932,-0.3138446191816021,-0.6487450264077127,-1.0758075402106992,,0.0018315315375593,0.1289689985872284,,-0.5041403018771786,,,-1.114671333207951,-0.6845755600029965,-1.495865250318119
0.7636022394028654,1.2488520555525784,-0.1770864337838632,,-0.1399722713233906,0.2762152751028811,-0.0973989653097742,0.7525626561075954,0.0393810887794607,0.6729752497922681,,0.8726772708468977,0.2616896610741487,0.1707617537332162,0.6439824546274716,0.8299652400657435,1.0700982780945538,1.0066827285438524,0.5741215245451925,-0.2797647564313761,,1.1620403381562212,-0.2729066659863547,1.4111588130103394,-0.0991510279319403,-0.6450762706589116,0.5805226488755327,0.3341634813016159,-0.2481258679805268,
0.536178263765164,,,-0.7537087661757095,0.0622860811656417,,1.1468746555959282,0.2233767684578138,-0.8361883077087072,-0.3684669114403988,0.1839451317436199,,-0.08998997037354,0.3475605652519823,0.2130224996072442,-0.3860319448373478,-0.213639794542436,-1.0618504155366706,0.5256202584163732,-0.1500238792986863,-0.935657711625788,-0.5968024108737275,-1.245016398927501,,-1.2693406417550122,,0.4024863759391334,0.0486960808807596,-0.2744115657515833,0.1868448448668954
-1.6975466516178128,-1.3783061551715852,-1.1039569590628644,0.2583815449162261,,-0.3869567510514613,-0.4205145706745566,,-0.7068522883376751,-1.626220554070436,-1.5301377656346264,-1.732433420666858,,-1.1958339271010738,-0.2154206516468497,-0.6218404482571911,,-0.1971265901139147,-0.5660742476592107,-0.1848546681382462,-0.3194677387198192,,,,,-0.5235598477374633,-0.9501645245035528,-0.8223729089175832,-1.3126003602485032,-0.7166717295898684
2.030917105829422,-0.1413846878027543,0.0542737227923773,-0.1700686105531884,0.8915318367138334,1.8315279029353757,,,,-0.0985726247769543,0.3021425526519988,,0.3649433952659836,1.938508489416619,0.5326223985310193,1.3350629522443336,,0.1535411118373383,0.1120643711998809,1.674022126054521,0.5046321894910373,0.0505508084926869,,0.5220013165570807,0.3258376679693854,-0.153542275265339,1.529912685684691,1.2759826565558463,0.2767429497612688,1.4862062130593408
-2.243297642583257,-1.537112180233412,,-1.0528233336345043,0.2767970976440547,-0.5164619282017924,-1.4315301591211085,0.5232499877668058,-0.3605552157424372,-0.6022590755468014,0.0300499227434271,-1.2512795281821647,-0.7194263607152586,,-2.2338912379465707,,-0.6374640165892976,,-0.230810731056443,-1.140469139129795,0.324595728911543,-1.158291470424797,-1.043442786022264,-1.0848134859276717,-0.6446879401413956,-0.5889392585382641,,-0.7310178852431013,-0.3962807745525357,-1.646869596343801
1.1268895824022824,-0.3361277827266676,-0.952679955824916,0.0914673828641852,,0.1082661379545319,,-0.4976544364019071,-0.183426335185497,-0.6415653950451881,-0.414633971186299,1.8457181946163372,2.108629543157771,1.137541405162145,-0.3469914497124943,0.540349718315577,-1.206339235714051,0.6239205301660088,-1.4922751162058994,,-1.662365210946742,0.747927589775433,0.1571101741178174,0.0916461650120654,1.152446276727087,-0.7695223997358387,-0.6902644778012584,0.9998660478992693,1.2735710882000062,0.1174300660517208
,,-0.5841917677964987,1.397016424437702,,-1.7767665683936251,-1.9530349832799712,1.42207437952558,-1.0548116772887597,,-0.1589403504382765,-1.5147455038493736,,,,,-0.3387767332886708,,0.5749658585060294,-2.5359467804849074,-0.1567593605122117,1.0394231475195557,,-1.4325698720286135,,-1.4745797963764609,-2.7383433327603885,,-0.6440293304180892,
-0.3065501042555341,-1.052283637709703,-1.001208593300838,,1.372619671196468,,-0.5988758168158348,0.4884558184982592,-1.1414593017625172,-0.7204639802504118,1.3122860106132015,,0.8893452302440569,0.0553309200973737,-0.8226034136707846,-1.1511379707019522,-0.965099398509794,-0.3170404778500544,0.593075447930927,-0.8106510824110934,-0.6668196186356179,,-0.3393384142997949,-0.885359641394569,0.644880274853704,-0.1366001935660779,,-0.3467029298687227,,-1.1521566329731263
0.6292944999609494,1.632675380859111,0.2289690108416635,,1.0916636127432404,-1.557754193171404,,,-1.3487949596515243,0.6845129887240871,0.7443616450370257,,0.761043401313502,0.4833455174644077,-0.4200172412610057,-0.6429600937475319,0.8463267389117846,-0.1433064521765771,0.8927739308271491,-1.3799175437923794,,0.1072056148413691,,,-0.0597658771111251,0.1021573761622234,-1.5638959281612843,0.1372809312032602,0.4665908704000826,-2.347362556730532
0.1966343382449009,0.48976684443063,0.547361128658687,,1.3515371647243395,-0.7370411024306222,0.517581169604982,1.0992058375522045,-0.9318853050848944,1.0352944104831698,1.4229235071123878,0.8364056181301307,1.177607132273773,,1.3918100894812528,-0.3803841136784118,,1.352652590445418,,0.3461147607382082,0.9247125456035734,,,0.9432058967744964,1.909611327586381,,0.4493207138084838,0.888622898810616,,0.5004910604054795
1.4819610328161277,-0.4516780777881894,0.5914743239212716,0.944275778254308,,-0.0678905396193003,,0.9736266721768244,0.021595343890806,0.2378123811862242,0.4441578552555177,0.5531095255677086,0.5679958881527936,1.2201596157387786,0.1499566549129849,,,0.6279380768273642,0.7466250479952107,-0.199553478100699,1.2748068775035184,,0.7707294261714798,-0.7383746598634732,0.8184199984544058,0.1806563150981475,0.8449005118478864,1.2248158552898116,1.056003188989535,-0.559945574120895
-0.8250044335639786,0.6634651298324209,0.1836586181163571,0.3384812829923799,0.2837964862941243,-0.2835893066678995,0.150624200379582,,-1.2314906369865746,0.6703808972128179,0.7957110182665007,-0.672710754506932,,-0.2695379663354596,1.2597526044665175,-1.1154007295384911,,0.7034027101029846,0.1553194064904671,-0.3470060369198277,0.8631562634105775,-0.0126223789501137,0.0461812910503283,-0.592087135198034,,-0.2399501224536283,-0.0389960078634592,0.3517205883992171,0.358181117538969,-0.924242191703714
0.4586574871234842,0.2372848279583197,0.3899569024525829,-1.349308250734794,-0.2714827642003385,-0.9325477249152512,,,,0.5917453493469537,,,,-0.3106975616731583,,0.075175547343787,1.210674158565047,,-0.3384311773684155,-0.7640770093237222,1.2948446155537598,-1.5991893313878551,,,,-0.2832476790275549,,-1.1644729755957868,0.5567888550604482,-1.030368850624474
,0.4323635708978276,0.9856519080112162,,-0.1171915262810195,0.1113473265682289,0.1167187104453181,0.931597908558904,,,-0.3309390509788096,-0.3880537398046029,-0.4262727253570837,-0.3692122386482864,0.5742364594502389,0.9840854137243232,1.2333092833071635,0.2779542614187345,,0.1202433971645064,0.9007364626742332,1.612463773939277,1.512156462430044,0.6657567249955786,1.4484300647836614,,,-0.2912426005139251,,0.5970646237743721
,0.2200998989743464,,0.0595246679467735,0.8997457196572072,1.6087477565303636,1.3654935970116406,0.5088292369197368,0.8597010046662488,0.1084492853203344,0.7769170096741908,,1.2826439396441771,1.5492823643743674,,0.5243776675764202,,,,1.862225409811315,0.1228048234554314,0.2622786546783599,,-0.0950281792234472,,,,1.2564431057376897,1.157479391849948,
2.4734836327617566,0.2692236147983542,0.5819189505045502,,0.229080508173808,,2.81061606381993,0.7827315218357982,0.3594510204008583,0.5968327701898822,0.8924204583757283,1.759188287419347,1.573421360280083,2.932004327174801,,,-0.1409812924682525,2.004794684922845,0.5470821841198652,1.2155333590575186,0.7732634482561334,0.4209230155685287,0.8745953562876775,,0.6803777561373777,,1.6230516168131348,2.3447310593724,,0.918100576448663
0.3714920298624347,-0.2498843744513525,-0.072496586059727,0.3876852788632381,0.3114407670767443,-0.0805892570003757,-0.2381554717044476,0.524500245697038,,,0.1167172519667689,-0.5107277108684664,-1.0659169347854764,-0.3622753508145049,0.389639170570635,,-0.171267884030694,1.1155665922683815,0.4923757405636573,0.5065463138237141,-0.1156278333132149,-0.0875140478510932,,,-0.4648618718748546,,0.5168113007382493,,,0.6902634220908669
-1.515039661127986,0.0950696025315342,-0.5014177813277675,0.8833252983696749,0.5729035872787365,0.2109905434342111,-0.0104383558293459,0.4415432717668034,0.3355477268567609,,,-1.3582512056615823,-0.3698269867789448,-0.8216711618115171,-0.0672896694511686,-0.5890053040201293,0.3920415795484527,,,-0.3667830396221027,0.1324837505999963,0.268412529485996,-1.0145535136870858,-0.4803355177436348,0.0149011156402978,-0.5031514654394704,,0.2400074661186398,-0.2269917436480703,
-2.044216783841028,0.4717144981247368,0.7456844732419804,0.5649887593488312,,-0.1486878564588154,,,,0.8183674598278079,,-1.4281250498881597,-1.7373234336256271,-1.5040411711483792,-0.8775989136247647,0.2512041694242716,1.275027669982443,-1.0942364554825337,,-0.0262251862420089,,1.2912943579658671,1.662050990031909,-0.0750667806458852,1.114773828006739,,-0.4355423465628166,-1.1336484088109693,-1.429018806824613,-0.2094125633342739
,-0.2400007454798631,-0.6466749555227267,0.8553154666517794,1.129629131546586,0.0822621856846916,,1.569592934237975,,-0.0691306370299045,1.6948445043770708,,1.4441665709778422,,0.8636098509931803,,0.0947900660241665,0.3387652494440911,1.5194209890588397,-0.2183046317801694,-0.3689125164891894,,-1.0823225597193242,,0.0513857153289093,-0.7734394701713727,0.6844372808805812,0.7949871372826499,,0.5167165622104374
-0.7590605609585019,-0.1034015032439553,-1.3777050138042826,0.1443293984205366,-0.1386812276984326,-0.951341641492688,,-0.7110907052044594,-0.8586968965347591,-0.8090551528922059,,-0.6188289980406989,-0.7509683658077799,-1.50012412615431,0.0571876159149212,-0.2186971119058844,-2.082608356972847,0.0913028680091346,-0.3889781121658396,-1.1737130447116615,,0.4556256682683768,-0.0739901858832215,,,-1.1072811320918683,,-0.2697389685242643,-0.7391701960281319,
-0.4201296449183586,-0.3640718543906802,0.5022368337177847,-0.0480977454754128,,-1.5348857678645085,0.1067662414643689,0.0440253705306138,,,0.0079992850497533,0.4364479268262272,0.0449789016610041,,,,0.1799278558425152,-0.0997525727705327,,-0.7313570957650193,1.0730854114465158,-0.9041678536003604,-0.0045384748639789,-0.7991496289546374,0.0777173394634344,0.4461020048045986,-0.6872687085909518,,-0.0359494231184109,-0.5577987601394135
0.2665800745131199,,-0.0152622103440583,1.052219608447554,0.8389022604123749,,,,-1.3614835665539733,-0.6543354314559645,0.5172853312152355,,0.6089166630946354,-0.4257041776021761,,-1.3981142809763698,-0.5601008503804155,-1.4008050987400906,1.0341266622780656,-1.4607888194887455,-0.6275967517192511,1.1310933075750236,2.209266112806616,-1.5883408044059109,2.166392578380895,-0.8536185457494713,-0.8772128599289577,-1.667901291824227,0.7836007793390676,-0.7614288623340311
0.6858933189705684,0.598470503623389,0.6398572601078173,,0.9326121008889964,0.1997305004903974,0.7377980121595384,0.4984806249270583,-0.0561645682986151,,0.3663673305678879,,,-0.4588280686511832,0.5455684732086009,,1.8894885896636424,0.3139816270441971,1.208514113342209,0.1416668129419317,1.7673706682198136,-0.0009841309875512,0.8447347305898775,0.233897904856562,-0.3402464970583729,0.5885884852889606,0.8828802412495591,,,0.1708429558889849
-0.5525517032626444,0.6698971977075417,-0.7701344369763842,,-1.300571373250727,0.1221970017858033,,,0.599934561706608,0.1308004345892107,-0.7730643275103379,0.2019062454764152,-0.4662398248805472,-0.1030271783561054,,0.0068558763766603,,1.5270377009888998,0.0468933462342036,0.4686755540000397,-0.3384670419565925,,-0.4421707733924687,,-0.320064347260893,-0.4366797002411075,,1.5732199286802464,-0.8612639782966149,1.499106692290742
-1.4379483334834378,-0.6617738746817445,-2.335930121200625,0.3400899914975006,,1.0197925410546531,-0.7973595745830392,-0.6316655156925779,-0.176140406387575,-0.522321776130983,-0.4825709544699503,,,-1.5453280761760104,,-0.4726623857659395,-0.7784176191268571,,-0.912487937643833,,-1.085677242240701,0.9643239652941128,1.390830378982282,-1.4214492560889116,1.075902665164992,,0.3950896199158259,,,0.6695253307128898
0.382457320131756,1.4078471267185788,1.8882810721600496,0.87121762875706,1.1423534571688918,0.2684306580391806,0.5860228559728216,,-0.3473994003884058,2.1942488934539672,0.731397966235468,0.9198126433444564,0.5172327466068645,,0.7019645839649329,-0.1176217818974902,,-0.3139525009720166,1.511094162475546,0.6596985040430454,1.2905253614481604,0.4777307882096029,0.4319013217905353,,,0.9041328330832348,0.7259285887199665,0.038149457005286,0.6491320205162643,-0.1342831657061826
0.0040546025429732,,0.1460887093379097,-0.0049988244785323,0.329042059211509,,,-0.3781546986504252,0.8377568547484671,1.828965742977388,-0.2464841323711395,,-0.120222325909322,1.4174406606729846,1.1423689283667964,1.192337475119421,0.9316423671112732,,-0.4846421919831934,0.032099692075628,0.6618586351609561,,,1.6675341052870534,-0.2429448778265591,-0.3402801230777067,1.5909974009608383,0.6666479962972643,,0.5407767105441303
,,-1.2641885797329726,-0.7452197173924464,,0.2067001777199915,-0.192139251769787,,-1.0443048812991509,-1.7697896656981078,-0.9864114494761876,-0.492752905562236,,-0.0768909048420892,0.4816276654976903,-1.5173039241048394,-2.2115976050665727,-0.6033105463615689,-0.6958616477793248,0.22665806615831,-1.8766571503616376,-1.752068522051915,,-2.517909285507175,,-0.8412045758369263,-0.2250292641081778,,,-0.8563458770679787
-0.9540695976511766,0.046899197791272,,,0.5453243786735099,,-0.0885363116730284,0.5518029245788537,-0.0345305582369837,-0.6365255629072908,-0.1609722448555661,-0.4562421531583516,-0.783810848996057,-0.8345034750706369,,0.0815093795833091,-0.500395387254996,-0.8738346751957596,1.105760159524996,1.2580532224604295,0.939325134515751,1.228645605566334,0.3640753974942856,-0.2850972818910474,1.0058651180778584,,0.2053769038846215,-0.2075310500647506,,0.9201157022159484
-0.0208090707303702,0.9817469611779208,1.2432435609261974,0.569497202257763,0.5989215884907981,0.6899255908590592,0.409074241726958,1.014054530336724,0.7342714907661452,1.0105696243618223,0.3276435010754884,,-0.1178732466198133,0.8110053458580753,-0.0867168461083758,0.7942811839087036,,,1.3559056702640049,0.9000574452488002,,,0.9308657980269996,0.2079417145107897,,1.6237971612699684,,,,0.5001708614036121
-0.8063454918908287,-0.863731920106799,0.0299083385787586,,,0.5973997808926399,0.4941685955247727,-2.276954381346054,0.6257532483854598,-0.4279242213970821,-1.2899017899855962,0.3667243522326961,-0.2062709993685188,-0.2518941963503502,1.0122067321774555,,,,-2.0801343172686497,0.6352507279436788,0.1360570772631396,-2.501438985998633,-1.2236687470495424,,-2.1075739229683648,-0.3897505464921039,0.7373765753381195,1.1689561277278018,-0.644907953590611,-0.0087401495668363
0.4032838927716217,,0.8549422091465497,,0.0407220883402367,0.7743140530138608,-0.0848175626302749,-0.9392710967831888,0.5445022193049988,0.5842257919839863,,,0.7799000812384018,0.0970782745344486,,0.4757293563738213,0.3862783939448215,0.7200215418208625,-0.944403007565218,1.222196996937375,,-0.4604407773662489,-0.1671986517691806,0.7664859987335697,,0.4752783959819755,0.6738590486914828,0.7438302577396612,0.2252290885160945,0.3420087490551564
0.4697159892789875,-0.9666942270814548,-1.4872650295350556,,,0.0389148969470259,1.1654467869165608,-0.1368101818878381,0.3962147272615771,,,1.1108162297308493,0.6924536242175776,0.7168208257990533,,0.2002587455311004,-1.0787181318856038,0.2695548244395531,1.043573141565904,0.0550350852932097,,0.0782311663697873,1.4177821138113795,-0.7225053397473763,,-1.735726459543269,1.121661013080873,0.8148462540530873,1.669903517998292,
-1.5300340463016715,0.9307854310260344,0.5589455286925347,-0.1158425088301169,-1.3280890823837352,-0.3241871829589308,,-1.1799050203891743,-0.3271822249136037,0.7441023947817368,-1.6787880634606454,,-1.8220170808568252,,,0.5925582455658762,0.3487724084662207,-0.483876254692392,,-0.3679262536422165,0.8463475154119575,,-1.4004768814026496,,,0.5195307149278666,-0.3417464788965333,-0.654738276359475,-1.719643526402994,-0.5558362372632866
0.6923225219866767,,-1.0506218478946232,1.3026074130499845,0.5375510058896773,0.2163175732918291,,,-0.3028625498154976,-1.067763282856853,1.3332562427834205,,0.5838942546147544,0.2169172447122496,1.2372454984934924,-0.3632131077261028,-0.7365898309623243,1.5098929380893789,1.2419867627815169,0.0310119203742464,,1.255763010430175,,0.344784700860809,,-1.387083001631248,1.1757560671568985,,0.6486619309039724,-0.2944916581048067
-2.463511939029876,-0.168709821829718,-0.1972092494292429,-0.7754209975565662,-1.2729769896943277,0.3138208513776044,-2.564624470537906,-1.7460316512871223,,-0.487445550773934,-1.4022005889754798,-2.535272212824176,-2.133289610909923,-2.849983274763162,-0.055887777307936,0.1489042733591977,-0.2210102608877897,-1.38769390662822,,,-0.5181599103964803,,,0.1323646184403864,-0.7456091859531269,-0.5497319101556358,-0.1801936020109382,-2.416963989352956,-1.5982752964169378,-0.1195748219989006
-1.0209446473062054,1.2401322263460854,0.5042965481153228,,-0.9622073968428532,0.0004497916892393,,,0.1014410753498308,,-0.6211748929294292,-1.3288029346103392,,-0.5235315753120938,-0.7210160347745925,-0.2488993946453338,1.3263031440706718,-0.3727479678175515,-0.8069098675794685,,0.3114332241379038,-1.3095123035946616,,0.6585198584101223,,1.1261401621724547,-0.9448115540245742,-0.8036252256670832,-0.8460949340907867,-0.673291966575905
-0.2026664682443033,,-0.3293424940349141,,0.7702864481943116,0.6288297823183895,0.2257278052232464,0.3851776243176609,0.6506164589676011,,-0.3349411942992431,,-0.7843509936166018,0.3430008626270837,,0.5596556683574392,-0.4984480132385021,,0.2948444034376852,,,,-1.49432169123343,0.4519176368676725,-1.1161902685210976,-0.4452591773850536,1.1675318368056635,0.5926525095211915,-0.8683645194619859,1.1829765607394225
0.1253519871518789,,-0.2619632072710229,0.7326320942459752,0.4603158992218207,-0.5802115341915536,0.0889211579007528,0.4446465151522225,-0.2300083992408106,-0.6539199953966877,0.4206056716632119,0.4149783633168435,0.7766108289780389,0.3572359155079492,,0.0713774976095832,-0.2819649646738338,-1.3334162738093576,,-0.6002606710641784,,0.8615597280195776,,-0.9941390603775526,,0.6133033557831167,-0.0881437813803526,-1.5263510053842586,,-0.638397124788858
-0.8813153989722472,,,-0.5974674639101211,-0.3495093472199325,-1.3127528395899437,-0.0596144395417038,,-0.9851346383058672,-1.7910372020668903,-0.2787483215826171,-0.4741129493863295,,-0.5940287970029364,-0.0453846475957678,-1.736700366723692,-2.090278381312288,0.0496915234967475,0.1203626129640498,-0.8225608147344872,-2.457631887541133,-0.3276722703337534,,-2.25615608858879,-1.1030511056721763,-2.4165098808237158,-0.4148070784701022,0.3848240409333163,-0.0178163806740834,-1.0755655291407504
-0.1447130465688514,-0.6533880963846334,0.7639038064060744,,-1.495597883429288,-1.0629595851697324,-0.2328785370365523,-0.8850716466836741,,-0.1303462153668763,-1.2333595265757695,,-1.2687768443671352,-0.5033285225151335,-1.7589034011564348,-0.8642389848771128,,,-1.4099101315045173,,0.7798388427548654,-0.484912641504995,-0.5923754904205195,-0.5580989679416988,,0.627706768494019,-0.8348713278572083,,-1.8013681121044276,-0.9193009023144196
3.004050467048034,,,1.376531618730073,,,2.6164954303462946,,1.4974062381952753,1.6589480004937702,,2.687941579488845,2.052369609199673,2.869932525933678,,1.5874804977462946,2.4857374558941587,1.662803686214336,0.8661254412797321,0.4683955281940608,,1.076989963915821,0.8435770216601064,,1.4806156476665464,,,1.604981111043502,1.2735361166413182,0.397125895830715
